-- phpMyAdmin SQL Dump
-- version 4.8.4
-- https://www.phpmyadmin.net/
--
-- Host: 127.0.0.1
-- Generation Time: Jan 09, 2019 at 09:44 PM
-- Server version: 10.1.37-MariaDB
-- PHP Version: 7.3.0

SET SQL_MODE = "NO_AUTO_VALUE_ON_ZERO";
SET AUTOCOMMIT = 0;
START TRANSACTION;
SET time_zone = "+00:00";


/*!40101 SET @OLD_CHARACTER_SET_CLIENT=@@CHARACTER_SET_CLIENT */;
/*!40101 SET @OLD_CHARACTER_SET_RESULTS=@@CHARACTER_SET_RESULTS */;
/*!40101 SET @OLD_COLLATION_CONNECTION=@@COLLATION_CONNECTION */;
/*!40101 SET NAMES utf8mb4 */;

--
-- Database: `proiectdb`
--

-- --------------------------------------------------------

--
-- Table structure for table `climbers`
--

CREATE TABLE `climbers` (
  `ID` int(2) NOT NULL,
  `Name` varchar(23) DEFAULT NULL,
  `Country` varchar(14) DEFAULT NULL,
  `Date_of_birth` varchar(10) DEFAULT NULL
) ENGINE=InnoDB DEFAULT CHARSET=utf8;

--
-- Dumping data for table `climbers`
--

INSERT INTO `climbers` (`ID`, `Name`, `Country`, `Date_of_birth`) VALUES
(1, 'Edmund Hillary', 'New Zeeland', '20-07-1919'),
(2, 'Tenzing Norgay', 'Nepal', '29-05-1914'),
(3, 'Bear Grylls', 'United Kingdom', '07-06-1974'),
(4, 'Reinhold Messner', 'Italy', '17-09-1944'),
(5, 'Yuichiro Miura', 'Japan', '12-10-1932'),
(6, 'Jordan Romero', 'USA', '12-07-1996'),
(7, 'Malavarth Purna', 'India', '10-06-2000'),
(8, 'Junko Tabei', 'Japan', '22-09-1939'),
(9, 'Apa Sherpa', 'Nepal', '20-01-1960'),
(10, 'Anshu Jamsenpa', 'India', '01-01-1979'),
(11, 'Ranulph Fiennes', 'United Kingdom', '07-03-1944'),
(12, 'Tamae Watanabe', 'Japan', '21-11-1938'),
(13, 'Chris Bonington', 'United Kingdom', '06-08-1934'),
(14, 'Mark Inglis', 'New Zeeland', '27-09-1959'),
(15, 'Kenton Cool', 'United Kingdom', '30-07-1973'),
(16, 'Constantin Lacatusu', 'Romania', '21-02-1961'),
(17, 'David Hahn', 'Japan', '03-11-1961'),
(18, 'Melissa Arnot', 'USA', '18-12-1983'),
(19, 'Nawang Gombu', 'Nepal', '01-05-1936'),
(20, 'Hans Kammerlander', 'Italy', '06-12-1956'),
(21, 'Peter Habeler', 'Austria', '22-07-1942'),
(22, 'Krzysztof Wielicki', 'Poland', '05-01-1950'),
(23, 'Leszek Cichy', 'Poland', '14-11-1951'),
(24, 'Davo Karnicar', 'Slovenia', '26-10-1962'),
(25, 'Marco Siffredi', 'France', '22-05-1979'),
(26, 'Erik Weihenmayer', 'USA', '23-09-1968'),
(27, 'Lino Lacedelli', 'Italy', '04-12-1925'),
(28, 'Achille Compagnoni', 'Italy', '26-09-1914'),
(29, 'Ichiro Yoshizawa', 'Japan', '01-01-1903'),
(30, 'Ashraf Aman', 'Pakistan', '15-01-1938'),
(31, 'Jim Wickwire', 'USA', '08-06-1940'),
(32, 'Carlos Soria Fontan', 'Spain', '05-02-1939'),
(33, 'Andrzej Bargiel', 'Poland', '18-04-1988'),
(34, 'Aleister Crowley', 'United Kingdom', '12-10-1875'),
(35, 'Joe Brown', 'United Kingdom', '26-09-1930'),
(36, 'George Band', 'United Kingdom', '02-02-1929'),
(37, 'Gunther Messner', 'Italy', '18-05-1946'),
(38, 'Herbert Tichy', 'Austria', '01-06-1912'),
(39, 'Lionel Terray', 'France', '25-07-1921'),
(40, 'Jean Couzy', 'France', '09-07-1923'),
(41, 'Fritz Luchsinger', 'Switzerland', '08-03-1921'),
(42, 'Ernst Reiss', 'Switzerland', '24-02-1920'),
(43, 'Hermann Buhl', 'Austria', '21-09-1924'),
(44, 'Toni Kinshofer', 'Germany', '16-02-1934'),
(45, 'Maurice Herzog', 'France', '15-01-1919'),
(46, 'Louis Lachenal', 'France', '17-07-1921'),
(47, 'Don Whillans', 'United Kingdom', '18-05-1933'),
(48, 'Douglas Haston', 'Scotland', '19-04-1940'),
(49, 'Vera Komarkova', 'Czech Republic', '25-12-1942'),
(50, 'Tomaz Humar', 'Slovenia', '18-02-1969'),
(51, 'Ueli Steck', 'Switzerland', '04-10-1976'),
(52, 'Xu Jing', 'China', '01-01-1927'),
(53, 'Wang Fuzhou', 'China', '01-01-1935'),
(54, 'Fritz Wintersteller', 'Austria', '21-10-1927'),
(55, 'Marcus Schmuck', 'Austria', '18-04-1925'),
(56, 'Kurt Diemberger', 'Austria', '16-03-1932'),
(57, 'Zsolt Eross', 'Ungaria', '07-03-1968'),
(58, 'Horia Colibasanu', 'Romania', '04-01-1977'),
(59, 'Teodor Tulpan', 'Romania', '14-06-1971'),
(60, 'Crina Popescu', 'Romania', '03-12-1994'),
(61, 'Mihai Cioroianu', 'Romania', '28-09-1967'),
(62, 'David Neacsu', 'Romania', '18-07-1960'),
(63, 'Alexandru Gavan', 'Romania', '19-05-1982'),
(64, 'Zsolt Torok', 'Romania', '29-09-1973'),
(65, 'Alexandru Bradut Serban', 'Romania', '19-12-1960');

-- --------------------------------------------------------

--
-- Table structure for table `equippment`
--

CREATE TABLE `equippment` (
  `ID` int(2) NOT NULL,
  `Name` varchar(29) DEFAULT NULL,
  `Category` varchar(17) DEFAULT NULL,
  `Seasons` varchar(13) DEFAULT NULL
) ENGINE=InnoDB DEFAULT CHARSET=utf8;

--
-- Dumping data for table `equippment`
--

INSERT INTO `equippment` (`ID`, `Name`, `Category`, `Seasons`) VALUES
(1, 'Map', 'Navigation', 'All'),
(2, 'Compass', 'Navigation', 'All'),
(3, 'Sunscreen', 'Solar protection', 'All'),
(4, 'Lip Balm', 'Solar protection', 'All'),
(5, 'Sunglasses', 'Solar protection', 'Three seasons'),
(6, 'Ski goggles', 'Solar protection', 'Winter'),
(7, 'Headlamp', 'Illumination', 'All'),
(8, 'Batteries', 'Illumination', 'All'),
(9, 'First-Aid Kit', 'First Aid', 'All'),
(10, 'Matches/Lighter', 'Fire', 'All'),
(11, 'Waterproof container', 'Fire', 'All'),
(12, 'Fire starters', 'Fire', 'All'),
(13, 'Swiss knife', 'Misc tools', 'All'),
(14, 'Duct tape', 'Misc tools', 'All'),
(15, 'Tent', 'Shelter', 'All'),
(16, 'Sleeping bag', 'Shelter', 'All'),
(17, 'Survival bag', 'Shelter', 'All'),
(18, 'Bivy sack', 'Shelter', 'All'),
(19, 'Rope', 'Climbing Hardware', 'All'),
(20, 'Helmet', 'Climbing Hardware', 'All'),
(21, 'Harness', 'Climbing Hardware', 'All'),
(22, 'Boots', 'Climbing Hardware', 'All'),
(23, 'Crampons', 'Climbing Hardware', 'Winter'),
(24, 'Ice axe', 'Climbing Hardware', 'Winter'),
(25, 'Rappel device', 'Climbing Hardware', 'All'),
(26, 'Pulley', 'Climbing Hardware', 'All'),
(27, 'Climbing pack', 'Climbing Hardware', 'All'),
(28, 'Route description', 'Climbing Hardware', 'All'),
(29, 'Locking carabiners', 'Climbing Hardware', 'All'),
(30, 'Nonlocking carabiners', 'Climbing Hardware', 'All'),
(31, 'Single and double runners', 'Climbing Hardware', 'All'),
(32, 'Cords', 'Climbing Hardware', 'All'),
(33, 'Climbing gloves', 'Climbing Hardware', 'All'),
(34, 'Signaling mirror', 'Climbing Hardware', 'All'),
(35, 'Crevasse rescue gear', 'Climbing Hardware', 'All'),
(36, 'Avalanche transceiver', 'Climbing Hardware', 'Winter'),
(37, 'Shovel', 'Climbing Hardware', 'All'),
(38, 'Probe', 'Climbing Hardware', 'All'),
(39, 'Nuts', 'Climbing Hardware', 'Winter'),
(40, 'Hexes', 'Climbing Hardware', 'Winter'),
(41, 'Ice screws', 'Climbing Hardware', 'Winter'),
(42, 'Camming devices', 'Climbing Hardware', 'Winter'),
(43, 'Base layers (no cotton)', 'Clothing', 'All'),
(44, 'Fleece jacket/vest', 'Clothing', 'All'),
(45, 'Fleece pants', 'Clothing', 'Winter'),
(46, 'Insulaing jacket', 'Clothing', 'Winter'),
(47, 'Insulating hat/headband', 'Clothing', 'Winter'),
(48, 'Sun hat', 'Clothing', 'Three seasons'),
(49, 'Socks (no cotton) plus spares', 'Clothing', 'All'),
(50, 'Gloves', 'Clothing', 'Winter'),
(51, 'Gaiters', 'Clothing', 'Winter'),
(52, 'Rain/Wind jacket', 'Clothing', 'All'),
(53, 'Waterproof pants', 'Clothing', 'All'),
(54, 'Buff/Bandana', 'Clothing', 'All'),
(55, 'Mug', 'Backpack', 'All'),
(56, 'Dishes', 'Backpack', 'All'),
(57, 'Eating utensils', 'Backpack', 'All'),
(58, 'Cookset', 'Backpack', 'All'),
(59, 'Fuel', 'Backpack', 'All'),
(60, 'Stove', 'Backpack', 'All'),
(61, 'Soap', 'Backpack', 'All'),
(62, 'Quick-dry towel', 'Backpack', 'All'),
(63, 'Energy food', 'Backpack', 'All'),
(64, 'Meals', 'Backpack', 'All'),
(65, 'Whistle', 'Backpack', 'All'),
(66, 'Trekking sticks', 'Hiking hardware', 'Three seasons'),
(67, 'Bear spray', 'Hiking hardware', 'Three seasons'),
(68, 'Snakcs', 'Hiking hardware', 'All'),
(69, 'Skis', 'Hiking hardware', 'Winter');

-- --------------------------------------------------------

--
-- Table structure for table `expeditions`
--

CREATE TABLE `expeditions` (
  `exp_id` int(11) NOT NULL,
  `mountain_id` int(11) DEFAULT NULL,
  `climber_id` int(2) DEFAULT NULL,
  `date` varchar(10) DEFAULT NULL,
  `notes` varchar(53) DEFAULT NULL
) ENGINE=InnoDB DEFAULT CHARSET=utf8;

--
-- Dumping data for table `expeditions`
--

INSERT INTO `expeditions` (`exp_id`, `mountain_id`, `climber_id`, `date`, `notes`) VALUES
(1, 1, 1, '29-05-1953', 'First summit'),
(2, 1, 2, '29-05-1953', 'First summit'),
(3, 1, 3, '16-05-1998', ''),
(4, 9, 4, '27-06-1970', 'First climb of Rupal Face'),
(5, 9, 37, '27-06-1970', 'First climb of Rupal Face'),
(6, 8, 4, '01-01-1972', 'First climb of Southwest Face'),
(7, 11, 4, '10-08-1975', 'First climb without supplemental oxygen'),
(8, 1, 4, '08-05-1978', 'First climb without supplemental oxygen'),
(9, 1, 21, '08-05-1978', 'First climb without supplemental oxygen'),
(10, 10, 4, '24-04-1985', 'First climb of Northwest Face'),
(11, 10, 20, '24-04-1985', 'First climb of Northwest Face'),
(12, 1, 5, '23-05-2013', 'Oldest person to summit '),
(13, 1, 6, '22-05-2010', 'Youngest person to summit'),
(14, 1, 7, '25-05-2014', 'Youngest female to summit'),
(15, 1, 8, '16-05-1975', 'First female to summit'),
(16, 1, 9, '20-05-2011', 'First to climb 21 times'),
(17, 1, 10, '21-05-2017', 'First dual ascent within 5 days'),
(18, 1, 11, '20-05-2009', 'World\'s greatest living explorer'),
(19, 1, 12, '19-05-2012', 'Oldest female to climb'),
(20, 1, 13, '20-04-1985', 'Then oldest climber'),
(21, 1, 14, '15-05-2006', 'First double leg amputee to climb'),
(22, 1, 15, 'multiple', 'Most climbs from UK (13)'),
(23, 1, 16, '17-05-1995', 'First romanian to climb'),
(24, 1, 17, 'multiple', 'Most climbs from USA (15)'),
(25, 1, 18, 'multiple', 'Most ascents by a foreign woman (6)'),
(26, 1, 19, '20-05-1965', 'First man to summit twice'),
(27, 1, 20, '25-05-1996', 'Fastest ascent without supplemental oxygen'),
(28, 9, 20, '20-05-1990', 'First ski descent'),
(29, 1, 22, '17-02-1980', 'First winter climb'),
(30, 1, 23, '17-02-1980', 'First winter climb'),
(31, 1, 24, '07-10-2000', 'First descent on skis'),
(32, 1, 25, '20-05-2001', 'First descent on snowboard'),
(33, 1, 26, '25-05-2001', 'First blind man to summit'),
(34, 2, 27, '31-07-1954', 'First to summit'),
(35, 2, 28, '31-07-1954', 'First to summit'),
(36, 2, 29, '25-05-1977', 'Second summit'),
(37, 2, 30, '25-05-1977', 'First Pakistani to summit'),
(38, 2, 31, '06-09-1978', 'First American to summit'),
(39, 2, 32, '20-05-2004', 'Oldest climber'),
(40, 2, 33, '22-07-2018', 'First descent on skis'),
(41, 2, 34, '20-05-1902', 'First attempt'),
(42, 3, 35, '25-05-1955', 'First summit'),
(43, 3, 36, '25-05-1955', 'First summit'),
(44, 6, 38, '19-10-1954', 'First summit'),
(45, 5, 39, '15-05-1955', 'First summit'),
(46, 5, 40, '15-05-1955', 'First summit'),
(47, 4, 41, '18-05-1956', 'First summit'),
(48, 4, 42, '18-05-1956', 'First summit'),
(49, 9, 43, '03-07-1953', 'First summit'),
(50, 9, 44, '20-05-1962', 'Second summit'),
(51, 10, 45, '03-06-1950', 'First summit'),
(52, 10, 46, '03-06-1950', 'First summit'),
(53, 10, 47, '20-05-1970', 'First South Face summit'),
(54, 10, 48, '20-05-1970', 'First South Face summit'),
(55, 10, 49, '15-10-1978', 'First woman summit'),
(56, 10, 50, '20-10-2007', 'First solo climb on South Face'),
(57, 10, 51, '09-10-2013', 'First complete solo climb'),
(58, 14, 52, '02-05-1964', 'First summit'),
(59, 14, 53, '02-05-1964', 'First summit'),
(60, 12, 54, '09-06-1957', 'First summit'),
(61, 12, 55, '09-06-1957', 'First summit'),
(62, 12, 56, '09-06-1957', 'First summit'),
(63, 12, 43, '09-06-1957', 'First summit'),
(64, 1, 57, '20-05-2002', 'First hungarian to summit'),
(65, 14, 57, '20-05-2011', 'Summit being an amputee'),
(66, 12, 57, '21-05-2011', ''),
(67, 2, 58, '20-05-2004', 'First romanian to summit'),
(68, 8, 58, '21-05-2006', 'First romanian to summit'),
(69, 7, 58, '22-05-2007', 'First romanian to summit'),
(70, 10, 58, '23-05-2010', 'First romanian to summit'),
(71, 1, 58, '20-05-2017', 'First romanian to summit without supplementary oxygen'),
(72, 1, 59, '22-05-2003', ''),
(73, 433, 60, '24-01-2011', 'First romanian to summit'),
(74, 2, 61, '10-07-1999', 'Died after summit'),
(75, 1, 62, '22-05-2003', ''),
(76, 230, 62, '20-05-1994', 'First romanian expedition'),
(77, 11, 63, '20-05-2007', 'Frist romanian to summit'),
(78, 5, 63, '20-05-2008', 'Frist romanian to summit'),
(79, 6, 63, '02-10-2006', 'Youngest romanian climber to summit an 8 thousander'),
(80, 2, 64, '20-05-2010', ''),
(81, 357, 65, '20-05-1979', 'First romanian to summit');

-- --------------------------------------------------------

--
-- Table structure for table `mountains`
--

CREATE TABLE `mountains` (
  `ID` int(11) NOT NULL,
  `Name` varchar(41) DEFAULT NULL,
  `Height` int(4) DEFAULT NULL,
  `Location` varchar(137) DEFAULT NULL
) ENGINE=InnoDB DEFAULT CHARSET=utf8;

--
-- Dumping data for table `mountains`
--

INSERT INTO `mountains` (`ID`, `Name`, `Height`, `Location`) VALUES
(1, 'Mount Everest', 8848, 'Nepal/China (Tibet)'),
(2, 'K2', 8611, 'Pakistan/China'),
(3, 'Kangchenjunga', 8586, 'Nepal/India'),
(4, 'Lhotse', 8516, 'Nepal/China (Tibet)'),
(5, 'Makalu', 8485, 'Nepal/China (Tibet)'),
(6, 'Cho Oyu', 8201, 'Nepal/China (Tibet)'),
(7, 'Dhaulagiri', 8167, 'Nepal'),
(8, 'Manaslu', 8163, 'Nepal'),
(9, 'Nanga Parbat', 8126, 'Pakistan'),
(10, 'Annapurna', 8091, 'Nepal'),
(11, 'Gasherbrum I', 8080, 'Pakistan/China'),
(12, 'Broad Peak', 8051, 'Pakistan/China'),
(13, 'Gasherbrum II', 8035, 'Pakistan/China'),
(14, 'Shishapangma', 8027, 'China (Tibet)'),
(15, 'Gasherbrum III', 7952, 'Pakistan'),
(16, 'Gyachung Kang', 7952, 'Nepal (Khumbu)/China (Tibet)'),
(17, 'Annapurna II', 7937, 'Nepal'),
(18, 'Gasherbrum IV', 7932, 'Pakistan'),
(19, 'Himalchuli', 7893, 'Manaslu, Nepal'),
(20, 'Distaghil Sar', 7885, 'Pakistan'),
(21, 'Ngadi Chuli', 7871, 'Manaslu, Nepal'),
(22, 'Nuptse', 7861, 'Everest Massif, Nepal'),
(23, 'Khunyang Chhish', 7852, 'Pakistan'),
(24, 'Masherbrum', 7821, 'Pakistan'),
(25, 'Nanda Devi', 7816, 'India (Uttarakhand)'),
(26, 'Chomo Lonzo', 7804, 'Makalu Massiff, Nepal/China (Tibet)'),
(27, 'Batura Sar', 7795, 'Pakistan'),
(28, 'Kanjut Sar', 7790, 'Pakistan'),
(29, 'Rakaposhi', 7788, 'Pakistan'),
(30, 'Namcha Barwa', 7782, 'China (Tibet)'),
(31, 'Batura II', 7762, 'Pakistan'),
(32, 'Kamet', 7756, 'India (Uttarakhand)'),
(33, 'Saltoro Kangri', 7742, 'India (Jammu and Kashmir)/Pakistan'),
(34, 'Batura III', 7729, 'Pakistan'),
(35, 'Jannu', 7710, 'Kangchenjunga, Nepal'),
(36, 'Tirich Mir', 7708, 'Pakistan'),
(37, 'Molamenqing', 7703, 'Shishapangma group, China (Tibet)'),
(38, 'Gurla Mandhata', 7694, 'China (Tibet)'),
(39, 'Saser Kangri', 7672, 'India (Jammu and Kashmir)'),
(40, 'Chogolisa', 7665, 'Pakistan'),
(41, 'Kongur Tagh', 7649, 'China'),
(42, 'Shispare', 7611, 'Pakistan'),
(43, 'Silberzacken', 7597, 'Pakistan'),
(44, 'Batura IV', 7594, 'Karakoram, Pakistan'),
(45, 'Changtse', 7583, 'Everest Massif, China (Tibet)'),
(46, 'Trivor', 7577, 'Karakoram, Pakistan'),
(47, 'Gangkhar Puensum', 7570, 'Bhutan/China (Tibet)'),
(48, 'Gongga Shan', 7556, 'Sichuan, China'),
(49, 'Annapurna III', 7555, 'Nepal'),
(50, 'Kula Kangri', 7554, 'China (Tibet) (possibly also Bhutan)'),
(51, 'Chogolisa II', 7554, 'Pakistan'),
(52, 'Muztagh Ata', 7546, 'China (Xinjiang)'),
(53, 'Skyang Kangri', 7545, 'Pakistan'),
(54, 'Liankang Kangri', 7535, 'Bhutan/China'),
(55, 'Yukshin Gardan Sar', 7530, 'Pakistan'),
(56, 'Annapurna IV', 7525, 'Nepal'),
(57, 'Mamostong Kangri', 7516, 'India (Jammu and Kashmir)'),
(58, 'Ismoil Somoni Peak', 7495, 'Tajikistan'),
(59, 'Noshaq', 7492, 'Afghanistan'),
(60, 'Pumari Chhish', 7492, 'Pakistan'),
(61, 'Passu Sar', 7476, 'Pakistan'),
(62, 'Malubiting', 7458, 'Pakistan'),
(63, 'Gangapurna', 7455, 'Nepal'),
(64, 'Muchu Chhish (Batura V)', 7453, 'Pakistan'),
(65, 'Jengish Chokusu', 7439, 'China/Kyrgyzstan'),
(66, 'K12', 7428, 'Pakistan (Jammu and Kashmir)/India'),
(67, 'Sia Kangri', 7422, 'Pakistan'),
(68, 'Istor-o-Nal', 7403, 'Pakistan'),
(69, 'Ghent Kangri', 7401, 'India (Jammu and Kashmir)/Pakistan'),
(70, 'Haramosh Peak', 7397, 'Pakistan'),
(71, 'Kabru', 7394, 'Kanchenjunga, India (Sikkim)/Nepal'),
(72, 'Ultar', 7388, 'Pakistan'),
(73, 'Rimo I', 7385, 'India (Jammu and Kashmir)'),
(74, 'Sherpi Kangri', 7380, 'Pakistan)'),
(75, 'Labuche Kang', 7367, 'near Cho Oyu, Nepal/China (Tibet)'),
(76, 'Kirat Chuli', 7365, 'Nepal/India (Sikkim) border'),
(77, 'Skil Brum', 7360, 'Pakistan'),
(78, 'Gimmigela Chuli', 7350, 'Nepal/India (Sikkim) border'),
(79, 'Bojohagur Duanasir', 7329, 'Pakistan'),
(80, 'Chamlang', 7319, 'Khumbu, Nepal'),
(81, 'Jomolhari / Chomolhari', 7314, 'Bhutan/China (Tibet)'),
(82, 'Baltoro Kangri', 7312, 'Pakistan'),
(83, 'Siguang Ri', 7308, 'China (Tibet)'),
(84, 'The Crown', 7295, 'China (Xinjiang)'),
(85, 'Gyala Peri', 7294, 'China (Tibet)'),
(86, 'Porong Ri', 7292, 'China (Tibet)'),
(87, 'Baintha Brakk', 7285, 'Pakistan'),
(88, 'Yutmaru Sar', 7283, 'Pakistan'),
(89, 'K6', 7282, 'Pakistan'),
(90, 'Kangpenqing', 7281, 'China (Tibet)'),
(91, 'Muztagh Tower', 7273, 'Pakistan'),
(92, 'Mana Peak', 7272, 'India (Uttarakhand)'),
(93, 'Diran', 7257, 'Pakistan'),
(94, 'Apsarasas Kangri', 7245, 'China/India'),
(95, 'Langtang Lirung', 7227, 'Nepal'),
(96, 'Annapurna South', 7219, 'Nepal'),
(97, 'Khartaphu', 7213, 'China (Tibet)'),
(98, 'Tongshanjiabu', 7207, 'Bhutan/China'),
(99, 'Langtang Ri', 7205, 'Nepal/China (Tibet)'),
(100, 'Kangphu Kang', 7204, 'Bhutan/China'),
(101, 'Melungtse', 7181, 'China (Tibet)'),
(102, 'Liushi Shan', 7167, 'China'),
(103, 'Baruntse', 7162, 'Khumbu, Nepal'),
(104, 'Pumori', 7161, 'Khumbu, Nepal'),
(105, 'Hardeol', 7151, 'India (Uttarakhand)'),
(106, 'Gasherbrum V', 7147, 'Pakistan'),
(107, 'Nemjung', 7140, 'Nepal'),
(108, 'Udren Zom', 7140, 'Pakistan'),
(109, 'Chaukhamba', 7138, 'India (Uttarakhand)'),
(110, 'Nun Kun', 7135, 'India (Jammu and Kashmir)'),
(111, 'Tilicho Peak', 7134, 'Annapurna Himal, Nepal'),
(112, 'Gauri Sankar', 7134, 'Nepal/China (Tibet)'),
(113, 'Lenin Peak', 7134, 'Tajikistan-Kyrgyzstan'),
(114, 'Api', 7132, 'Nepal'),
(115, 'Pauhunri', 7128, 'India (Sikkim)/China (Tibet)'),
(116, 'Trisul', 7120, 'India (Uttarakhand)'),
(117, 'Korzhenevskaya', 7105, 'Tajikistan'),
(118, 'Lunpo Gangri', 7095, 'China (Tibet)'),
(119, 'Satopanth', 7075, 'India (Uttarakhand)'),
(120, 'Tirsuli', 7074, 'India (Uttarakhand)'),
(121, 'Dunagiri', 7066, 'India (Uttarakhand)'),
(122, 'Kangto', 7060, 'India (Arunachal Pradesh)/China (Tibet)'),
(123, 'Nyegyi Kansang', 7047, 'India (Arunachal Pradesh)/China (Tibet)'),
(124, 'Kezhen Peak', 7038, 'China (Xinjiang)'),
(125, 'Shah Dhar', 7038, 'Afghanistan/Pakistan'),
(126, 'Spantik', 7027, 'Pakistan'),
(127, 'Khan Tengri', 7010, 'Kyrgyzstan-Kazakhstan-China'),
(128, 'Machapuchare', 6993, 'Annapurna Himalaya, Nepal'),
(129, 'Laila Peak (Haramosh Valley)', 6985, 'Karakoram, Pakistan'),
(130, 'Kang Guru', 6981, 'Manaslu Himalaya, Nepa'),
(131, 'Karun Kuh', 6977, 'Karakoram, Pakistan'),
(132, 'Avicenna Peak', 6974, 'Pamir Mountains, Tajikistan'),
(133, 'Ulugh Muztagh', 6973, 'Kunlun Mountains, Tibet'),
(134, 'Aconcagua', 6962, 'Andes, Argentina'),
(135, 'Kedarnath (mountain)', 6940, 'Himalayas, India'),
(136, 'K7', 6934, 'Karakoram, Pakistan'),
(137, 'Panchchuli', 6904, 'Himalayas, India'),
(138, 'Thalay Sagar', 6904, 'Himalayas, India'),
(139, 'Lunkho e Dosare', 6901, 'Hindu Kush, Afghanistan-Pakistan'),
(140, 'Ojos del Salado', 6891, 'Andes, Argentina-Chile'),
(141, 'Siniolchu', 6888, 'Kangchenjunga Himalaya, India (Sikkim)'),
(142, 'Kanjiroba', 6883, 'Himalayas, Nepal'),
(143, 'Bairiga', 6882, 'Kangri Garpo Range, Tibet'),
(144, 'Koyo Zom', 6872, 'Hindu Kush, Pakistan'),
(145, 'Nanda Kot', 6861, 'Himalayas, India (Uttarakhand)'),
(146, 'Kubi Gangri', 6859, 'Himalayas, Nepal/China (Tibet)'),
(147, 'Angel Sar', 6858, 'Karakoram, Pakistan'),
(148, 'Jethi Bahurani', 6850, 'Himalayas, Nepal'),
(149, 'Chongra Peak', 6830, 'Nanga Parbat Himalaya, Pakistan'),
(150, 'Reo Purgyil', 6816, 'Western Himalaya, India/Tibet border'),
(151, 'Ama Dablam', 6812, 'Himalayas, Nepal (Khumbu)'),
(152, 'Monte Pissis', 6795, 'Andes, Argentina'),
(153, 'Biarchedi', 6781, 'Karakoram, Pakistan'),
(154, 'Huascarán Sur', 6768, 'Andes, Peru'),
(155, 'Cerro Bonete', 6759, 'Andes, Argentina'),
(156, 'Nevado Tres Cruces', 6749, 'Andes, Argentina/Chile'),
(157, 'Kawagarbo', 6740, 'Himalayas, China (Yunnan/Tibet)'),
(158, 'Llullaillaco', 6739, 'Andes, Argentina/Chile'),
(159, 'Cho Polu', 6735, 'Himalayas, Nepal (Khumbu)'),
(160, 'Kangju Kangri', 6725, 'Karakoram, India (Jammu and Kashmir)'),
(161, 'Changla', 6721, 'Himalayas, Nepal/China (Tibet)'),
(162, 'Mercedario', 6720, 'Andes, Argentina'),
(163, 'Mount Pandim', 6691, 'Himalayas, India (Sikkim)'),
(164, 'Num Ri', 6677, 'Himalayas, Nepal (Khumbu)'),
(165, 'Lungser Kangri', 6666, 'Ladakh, Himalayas, India (Jammu and Kashmir)'),
(166, 'Meru Peak', 6660, 'Himalayas, India'),
(167, 'Gul Lasht Zom', 6657, 'Hindu Kush, Pakistan'),
(168, 'Huascarán Norte', 6655, 'Andes, Peru'),
(169, 'Khumbutse', 6640, 'Himalayas, Nepal (Khumbu)/China (Tibet)'),
(170, 'Mount Kailash', 6638, 'Transhimalaya, western Tibet'),
(171, 'Yerupajá', 6635, 'Andes, Peru'),
(172, 'Nevado Tres Cruces Central', 6629, 'Andes, Chile'),
(173, 'Thamserku', 6623, 'Himalayas, Nepal (Khumbu)'),
(174, 'Geladaindong Peak', 6621, 'Tanggula, China (Qinghai)'),
(175, 'Incahuasi', 6621, 'Andes, Argentina/Chile'),
(176, 'Pangpoche', 6620, 'Himalayas, Nepal'),
(177, 'Manirang', 6597, 'Himalayas, India (Himachal Pradesh)'),
(178, 'Nilkantha', 6596, 'Himalayas, India (Uttarakhand)'),
(179, 'Phuparash Peak', 6574, 'Karakoram, Pakistan'),
(180, 'Sickle Moon Peak', 6574, 'Himalayas, India (Jammu and Kashmir)'),
(181, 'Buni Zom', 6542, 'Hindu Raj, Pakistan'),
(182, 'Nevado Sajama', 6542, 'Andes, Bolivia'),
(183, 'Ghamubar Zom', 6518, 'Hindu Kush, Pakistan'),
(184, 'Singu Chuli', 6501, 'Annapurna Himalayas, Nepal'),
(185, 'Taboche', 6501, 'Himalayas, Nepal (Khumbu)'),
(186, 'Cerro El Muerto', 6488, 'Andes, Argentina/Chile'),
(187, 'Mera Peak', 6476, 'Himalayas, Nepal (Khumbu)'),
(188, 'Hiunchuli', 6441, 'Annapurna Himalaya, Nepal'),
(189, 'Cholatse', 6440, 'Himalayas, Nepal (Khumbu)'),
(190, 'Illimani', 6438, 'Andes, Bolivia'),
(191, 'Ancohuma', 6427, 'Andes, Bolivia'),
(192, 'Coropuna', 6425, 'Andes, Peru'),
(193, 'Antofalla', 6409, 'Andes, Argentina'),
(194, 'Kang Yatze', 6400, 'Ladakh, Himalayas, India (Jammu and Kashmir)'),
(195, 'Huandoy', 6395, 'Andes, Peru'),
(196, 'Ausangate', 6384, 'Andes, Peru'),
(197, 'Illampu', 6368, 'Andes, Bolivia'),
(198, 'Kusum Kangguru', 6367, 'Himalayas, Nepal (Khumbu)'),
(199, 'Kinnaur Kailash', 6349, 'Himalayas, Kinnaur, India (Himachal Pradesh)'),
(200, 'Parinaquta', 6348, 'Andes, Bolivia/Chile'),
(201, 'Siula Grande', 6344, 'Andes, Peru'),
(202, 'Bamba Dhura', 6334, 'Himalayas, India (Uttarakhand)'),
(203, 'Ampato', 6288, 'Andes, Peru'),
(204, 'Amne Machin', 6282, 'Kunlun Mountains, China (Qinghai)'),
(205, 'Pomerape', 6282, 'Andes, Bolivia/Chile'),
(206, 'Salcantay', 6271, 'Andes, Peru'),
(207, 'Chimborazo', 6267, 'Andes, Ecuador'),
(208, 'Mount Siguniang', 6250, 'Qionglai Mountains, China (Sichuan)'),
(209, 'Grid Nie Mountain', 6224, 'Hengduan Mountains, China (Sichuan)'),
(210, 'Yuzhu Peak', 6224, 'Kunlun Mountains, China (Qinghai)'),
(211, 'Genyen Massif', 6204, 'Shaluli Range, China (Sichuan)'),
(212, 'Imja Tse', 6189, 'Himalayas, Nepal (Khumbu)'),
(213, 'Kongde Ri', 6187, 'Himalayas, Nepal (Khumbu)'),
(214, 'Aucanquilcha', 6176, 'Andes, Chile'),
(215, 'Denali', 6168, 'Alaska Range, United States (Alaska)'),
(216, 'Stok Kangri', 6137, 'Stok Range, Himalayas, India (Jammu and Kashmir)'),
(217, 'Marmolejo', 6108, 'Andes, Argentina/Chile'),
(218, 'Pisang Peak', 6091, 'Annapurna Himalaya, Nepal'),
(219, 'Huayna Potosí', 6088, 'Andes, Bolivia'),
(220, 'Aracar', 6082, 'Andes, Argentina'),
(221, 'Chachakumani', 6074, 'Andes, Bolivia'),
(222, 'Chachani', 6057, 'Andes, Peru'),
(223, 'Laila Peak', 5971, 'Pakistan'),
(224, 'Mount Logan', 5959, 'Yukon, Canada'),
(225, 'Alpamayo', 5947, 'Peru'),
(226, 'Cerro Lípez', 5929, 'Bolivia'),
(227, 'Licancabur', 5920, 'Bolivia/Chile'),
(228, 'Falak Sar', 5918, 'Pakistan'),
(229, 'Cotopaxi', 5897, 'Ecuador'),
(230, 'Mount Kilimanjaro', 5895, 'Tanzania'),
(231, 'Hkakabo Razi', 5881, 'Myanmar'),
(232, 'El Misti', 5822, 'Peru'),
(233, 'Altun Shan', 5798, 'Gansu, China'),
(234, 'Cayambe', 5790, 'Ecuador'),
(235, 'Pico Cristóbal Colón', 5776, 'Colombia'),
(236, 'Antisana', 5753, 'Ecuador'),
(237, 'Nevado Pisco', 5752, 'Peru'),
(238, 'Nevado Anallajsi', 5750, 'Bolivia'),
(239, 'Pokalde', 5745, 'Nepal'),
(240, 'Ubinas', 5672, 'Peru'),
(241, 'Pichu Pichu', 5664, 'Peru'),
(242, 'Mount Elbrus', 5642, 'North Caucasus, Russia'),
(243, 'Mehrbani Peak', 5639, 'Pakistan'),
(244, 'Pico de Orizaba', 5636, 'Mexico'),
(245, 'Mount Damavand', 5610, 'Iran'),
(246, 'Nevado Mismi', 5597, 'Peru'),
(247, 'Jade Dragon Snow Mountain', 5596, 'Yunnan, China'),
(248, 'Lascar Volcano', 5592, 'Chile'),
(249, 'Mount Xuebaoding', 5588, 'Sichuan, China'),
(250, 'Kala Patthar', 5545, 'Nepal'),
(251, 'Mount Saint Elias', 5489, 'Yukon, Canada/Alaska, USA'),
(252, 'Concord Peak', 5469, 'Afghanistan/Tajikistan'),
(253, 'Machoi Peak', 5458, 'India (Jammu and Kashmir)'),
(254, 'El Plomo', 5450, 'Chile'),
(255, 'Bogda Feng', 5445, 'Xinjiang, China'),
(256, 'Mount Little Xuebaoding', 5443, 'Sichuan, China'),
(257, 'Cerro El Plomo', 5434, 'Chile'),
(258, 'Popocatépetl', 5426, 'Mexico'),
(259, 'Kolahoi Peak', 5425, 'India (Jammu and Kashmir) '),
(260, 'Chacaltaya', 5421, 'Bolivia'),
(261, 'Mount Pomiu', 5413, 'Sichuan, China'),
(262, 'Ritacuba Blanco', 5410, 'Colombia'),
(263, 'Haba Xueshan', 5396, 'Yunnan, China'),
(264, 'Nevado del Ruiz', 5389, 'Colombia'),
(265, 'Nevado del Huila', 5364, 'Colombia'),
(266, 'El Altar', 5320, 'Ecuador'),
(267, 'Mount Foraker', 5304, 'Alaska, USA'),
(268, 'Mount Haramukh', 5300, 'India (Jammu and Kashmir)'),
(269, 'Nevado del Tolima', 5276, 'Colombia'),
(270, 'Maipo', 5264, 'Argentina/Chile'),
(271, 'Illiniza', 5248, 'Ecuador'),
(272, 'Sirbal Peak', 5236, 'Kashmir Valley, India (Jammu and Kashmir)'),
(273, 'Sangay', 5230, 'Ecuador'),
(274, 'Iztaccíhuatl', 5230, 'Mexico'),
(275, 'Mount Lucania', 5226, 'Yukon, Canada'),
(276, 'Dykh-Tau', 5205, 'North Caucasus, Russia'),
(277, 'Shkhara', 5201, 'Georgia'),
(278, 'Mount Kenya', 5199, 'Kenya'),
(279, 'Malika Parbat', 5190, 'Kaghan Valley, Pakistan'),
(280, 'Amarnath Peak', 5186, 'Kashmir Valley, India (Jammu and Kashmir)'),
(281, 'King Peak', 5173, 'Yukon, Canada'),
(282, 'Boris Yeltsin Peak', 5168, 'Kyrgyzstan'),
(283, 'Koshtan-Tau', 5150, 'North Caucasus, Russia'),
(284, 'Mount Ararat', 5137, 'Turkey'),
(285, 'Mount Stanley', 5109, 'Democratic Republic of the Congo/Uganda'),
(286, 'Mount Steele', 5073, 'Yukon, Canad'),
(287, 'Janga', 5051, 'Georgia / North Caucasus, Russia'),
(288, 'Mount Kazbek', 5047, 'Georgia'),
(289, 'Tungurahua', 5023, 'Ecuador'),
(290, 'Carihuairazo', 5018, 'Ecuador'),
(291, 'Mount Bona', 5005, 'Alaska, USA'),
(292, 'Mount Blackburn', 4996, 'Wrangell Mtns., Alaska, USA'),
(293, 'Pico Bolívar', 4981, 'Sierra Nevada, Andes, Venezuela'),
(294, 'Pik Talgar', 4979, 'Tian Shan, Kazakhstan'),
(295, 'Shota Rustaveli Peak', 4960, 'Caucasus Mountains, Svaneti, Georgia/North Caucasus, Russia'),
(296, 'Gunshar', 4950, 'Indus Kohistan, Pakistan'),
(297, 'Mount Sanford', 4949, 'Wrangell Mtns., Alaska, USA'),
(298, 'Pico Humboldt', 4940, 'Sierra Nevada Andes, Venezuela'),
(299, 'Vinson Massif', 4892, 'Sentinel Range, Ellsworth Mountains, Antarctica'),
(300, 'Pico Bonpland', 4890, 'Sierra Nevada, Andes, Venezuela'),
(301, 'Puncak Jaya', 4884, 'Sudirman Range, Papua, Indonesia'),
(302, 'Pico La Concha', 4870, 'Sierra Nevada, Andes, Venezuela'),
(303, 'Gistola', 4860, 'Caucasus Mountains, Svaneti, Georgia'),
(304, 'Tetnuldi', 4858, 'Caucasus Mountains, Svaneti, Georgia'),
(305, 'Mount Tyree', 4852, 'Sentinel Range, Ellsworth Mountains, Antarctica'),
(306, 'Huaynaputina', 4850, 'Andes, Peru'),
(307, 'Alam Kuh', 4850, 'Alborz, Iran'),
(308, 'Mount Wood', 4842, 'Saint Elias Mountains, Yukon, Canada'),
(309, 'Mount Vancouver', 4812, 'Saint Elias Mountains, Yukon, Canada'),
(310, 'Sabalan', 4811, 'Iran'),
(311, 'Mont Blanc', 4810, 'Mont Blanc massif, France/Italy'),
(312, 'Corazón', 4790, 'Andes, Ecuador'),
(313, 'Pichincha', 4784, 'Andes, Ecuador'),
(314, 'Jimara', 4780, 'Khokh Range, Caucasus Mountains, Georgia'),
(315, 'Mount Churchill', 4766, 'Saint Elias Mountains, Alaska, USA'),
(316, 'Puncak Mandala', 4760, 'Papua, Indonesia'),
(317, 'Klyuchevskaya Sopka', 4750, 'Kamchatka, Russia'),
(318, 'Puncak Trikora', 4750, 'Papua, Indonesia'),
(319, 'Mont Blanc de Courmayeur', 4748, 'Mont Blanc massif, France/Italy'),
(320, 'Sunset Peak', 4745, 'Himalaya, Kashmir Valley, India (Jammu and Kashmir)'),
(321, 'Mount Slaggard', 4742, 'Saint Elias Mountains, Canada'),
(322, 'Pico Piedras Blancas', 4740, 'Sierra de la Culata, Andes, Venezuela'),
(323, 'Pico El Toro', 4730, 'Andes, Venezuela'),
(324, 'Tatakooti Peak', 4725, 'Himalaya, Kashmir Valley, India (Jammu and Kashmir)'),
(325, 'Rumiñahui', 4721, 'Andes, Ecuador'),
(326, 'Pico El Leon', 4720, 'Andes, Venezuela'),
(327, 'Ushba', 4710, 'Caucasus Mountains, Svaneti, Georgia'),
(328, 'Volcán Domuyo', 4709, 'Andes, Argentina'),
(329, 'Pico Los Nevados', 4700, 'Andes, Venezuela'),
(330, 'Pico Pan de Azucar', 4680, 'Sierra de la Culata, Andes, Venezuela'),
(331, 'Naltar Peak', 4678, 'Pakistan'),
(332, 'Mount Fairweather', 4663, 'Fairweather Range, Alaska, USA'),
(333, 'Pico Mucuñuque', 4660, 'Andes, Venezuela'),
(334, 'Pico El Buitre', 4650, 'Andes, Venezuela'),
(335, 'Khazret Sultan', 4643, 'Gissar Range, Uzbekistan'),
(336, 'Sierra Negra', 4640, 'Mexico'),
(337, 'Dufourspitze (Monte Rosa)', 4634, 'Pennine Alps, Switzerland'),
(338, 'Dunantspitze (Monte Rosa)', 4632, 'Pennine Alps, Switzerland'),
(339, 'Nordend (Monte Rosa)', 4609, 'Pennine Alps, Switzerland-Italy'),
(340, 'Mount Hubbard', 4577, 'Saint Elias Mountains'),
(341, 'Nevado de Toluca', 4577, 'Mexico'),
(342, 'Mount Meru', 4566, 'Tanzania'),
(343, 'Zumsteinspitze (Monte Rosa)', 4563, 'Pennine Alps, Switzerland-Italy'),
(344, 'Signalkuppe (Monte Rosa)', 4554, 'Pennine Alps, Switzerland-Italy'),
(345, 'Dom', 4545, 'Pennine Alps, Switzerland'),
(346, 'Ras Dashen', 4533, 'Ethiopia'),
(347, 'Eastern Liskamm (Lyskamm)', 4527, 'Pennine Alps, Switzerland-Italy'),
(348, 'Mount Bear', 4521, 'Saint Elias Mountains, Alaska, USA'),
(349, 'Mount Wilhelm', 4509, 'Bismarck Range, Papua New Guinea'),
(350, 'Mount Karisimbi', 4507, 'Virunga Mountains, Rwanda/DRC'),
(351, 'Mount Walsh', 4507, 'Saint Elias Mountains, Canada'),
(352, 'Belukha Mountain', 4506, 'Altay Mountains, Russia'),
(353, 'Weisshorn', 4506, 'Pennine Alps, Switzerland'),
(354, 'Tebulosmta', 4493, 'Caucasus Mountains, Georgia/Chechnya, Russia'),
(355, 'Täschhorn', 4491, 'Pennine Alps, Switzerland'),
(356, 'Bazarduzu Dagi', 4485, 'Azerbaijan'),
(357, 'Matterhorn', 4478, 'Pennine Alps, Switzerland/Italy'),
(358, 'Mount Rutford', 4477, 'Sentinel Range, Ellsworth Mountains, Antarctica'),
(359, 'Mont Maudit', 4465, 'Mont Blanc massif, France/Italy'),
(360, 'Babis Mta', 4454, 'Caucasus Mountains, Georgia/Russia'),
(361, 'Mount Shani', 4451, 'Caucasus Mountains, Georgia/Russia'),
(362, 'Dena', 4448, 'Zagros Mountains Iran'),
(363, 'Vladimir Putin Peak', 4446, 'Kyrgyz Alatau, Kyrgyzstan'),
(364, 'Mount Hunter', 4442, 'Alaska Range, Alaska, USA'),
(365, 'Parrotspitze (Monte Rosa)', 4432, 'Pennine Alps, Switzerland-Italy'),
(366, 'Mount Whitney', 4421, 'Sierra Nevada, California, USA'),
(367, 'Mount Alverstone', 4420, 'Saint Elias Mountains, Alaska, USA/Yukon, Canada'),
(368, 'University Peak', 4411, 'Saint Elias Mountains, Alaska, USA'),
(369, 'Aello Peak', 4403, 'Saint Elias Mountains, Alaska, USA'),
(370, 'Mount Elbert', 4402, 'Sawatch Range, Colorado, USA'),
(371, 'Mount Massive', 4395, 'Sawatch Range, Colorado, USA'),
(372, 'Mount Harvard', 4395, 'Sawatch Range, Colorado, USA'),
(373, 'Mount Rainier', 4392, 'Cascades, Washington, USA'),
(374, 'Kholeno', 4387, 'Alborz, Iran'),
(375, 'Mount Williamson', 4382, 'Sierra Nevada, California, USA'),
(376, 'Tavan Bogd Uul', 4374, 'Bayan-Ölgii Province, Mongolia'),
(377, 'Blanca Peak', 4374, 'Rocky Mountains, Colorado, USA'),
(378, 'La Plata Peak', 4372, 'Sawatch Range, Colorado, USA'),
(379, 'Mount Giluwe', 4368, 'Papua New Guinea'),
(380, 'Burchula', 4364, 'Caucasus Mountains, Georgia'),
(381, 'Uncompahgre Peak', 4361, 'San Juan Mountains, Colorado, USA'),
(382, 'Dent Blanche', 4357, 'Pennine Alps, Switzerland'),
(383, 'Crestone Peak', 4357, 'Sangre de Cristo Range, Colorado, USA'),
(384, 'Azad Kuh', 4355, 'Alborz, Iran'),
(385, 'Mount Lincoln', 4354, 'Mosquito Range, Colorado, USA'),
(386, 'Grays Peak', 4350, 'Front Range, Colorado, USA'),
(387, 'Mount Evans', 4350, 'Front Range, Colorado, USA'),
(388, 'Quandary Peak', 4350, 'Tenmile Range, Colorado, USA'),
(389, 'Lalveri', 4350, 'Caucasus Mountains, Svaneti, Georgia'),
(390, 'Mount Antero', 4349, 'Sawatch Range, Colorado, USA'),
(391, 'Torreys Peak', 4349, 'Front Range, Colorado, USA'),
(392, 'Castle Peak', 4348, 'Elk Mountains, Colorado, USA'),
(393, 'Longs Peak', 4345, 'Front Range, Colorado, USA'),
(394, 'McArthur Peak', 4344, 'Saint Elias Mountains, Yukon'),
(395, 'Mount Wilsion', 4342, 'San Juan Mountains, Colorado, USA'),
(396, 'White Mountain Peak', 4342, 'White Mountains, California, USA'),
(397, 'North Palisade', 4341, 'Sierra Nevada, California, USA'),
(398, 'Ludwigshöhe (Monte Rosa)', 4341, 'Pennine Alps, Switzerland-Italy'),
(399, 'Mount Shavano', 4337, 'Sawatch Range, Colorado, USA'),
(400, 'Colima', 4330, 'Mexico'),
(401, 'Crestone Needle', 4327, 'Sangre de Cristo Range, Colorado, USA'),
(402, 'Mount Belford', 4327, 'Sawatch Range, Colorado, USA'),
(403, 'Mount Princeton', 4327, 'Sawatch Range, Colorado, USA'),
(404, 'Mount Shasta', 4322, 'California, USA'),
(405, 'Mount Elgon', 4321, 'Uganda-Kenya'),
(406, 'Mount Bross', 4320, 'Mosquito Range, Colorado, USA'),
(407, 'Kit Carson Mountain', 4318, 'Sangre de Cristo Range, Colorado, USA'),
(408, 'Mount Wrangell', 4317, 'Alaska, USA'),
(409, 'Maroon Peak', 4315, 'Elk Mountains, Colorado, USA'),
(410, 'Tabeguache Peak', 4315, 'Sawatch Range, Colorado, USA'),
(411, 'El Diente Peak', 4315, 'San Juan Mountains, Colorado, USA'),
(412, 'Mount Sill', 4314, 'Sierra Nevada, California, USA'),
(413, 'Grand Combin', 4313, 'Pennine Alps, Switzerland'),
(414, 'Mount Oxford (Colorado)', 4313, 'Sawatch Range, Colorado, USA'),
(415, 'Mount Sneffels', 4312, 'San Juan Mountains, Colorado, USA'),
(416, 'Mount Democrat', 4312, 'Mosquito Range, Colorado, USA'),
(417, 'Capitol Peak', 4307, 'Elk Mountains, Colorado, USA'),
(418, 'Pikes Peak', 4302, 'Colorado, USA'),
(419, 'Mount Russell', 4296, 'Sierra Nevada, California, USA'),
(420, 'Snowmass Mountain', 4295, 'Elk Mountains, Colorado, USA'),
(421, 'Lenzspitze', 4294, 'Pennine Alps, Switzerland'),
(422, 'Mount Eolus', 4292, 'San Juan Mountains, Colorado, USA'),
(423, 'Windom Peak', 4292, 'San Juan Mountains, Colorado, USA'),
(424, 'Challenger Point', 4292, 'Sangre de Cristo Range, Colorado, USA'),
(425, 'Mount Columbia', 4291, 'Sawatch Range, Colorado, USA'),
(426, 'Mount Adishi', 4290, 'Caucasus Mountains, Svaneti, Georgia'),
(427, 'Mount Augusta', 4290, 'Saint Elias Mountains, Alaska, USA'),
(428, 'Humboldt Peak (Colorado)', 4287, 'Sangre de Cristo Range, Colorado, USA'),
(429, 'Split Mountain', 4287, 'Sierra Nevada, California, USA'),
(430, 'Mount Bierstadt', 4286, 'Front Range, Colorado, USA'),
(431, 'Diklosmta', 4285, 'Caucasus Mountains, Tusheti, Georgia'),
(432, 'Sunlight Peak', 4285, 'San Juan Mountains, Colorado, USA'),
(433, 'Mount Sidley', 4285, 'Volcanic Seven Summits, Antarctica'),
(434, 'Missouri Mountain', 4282, 'Sawatch Range, Colorado, USA'),
(435, 'Culebra Peak', 4282, 'Colorado, USA'),
(436, 'Handies Peak', 4281, 'San Juan Mountains, Colorado, USA'),
(437, 'Ellingwood Point', 4280, 'Sangre de Cristo Range, Colorado, USA'),
(438, 'Mount Lindsey', 4280, 'Sangre de Cristo Range, Colorado, USA'),
(439, 'Little Bear Peak', 4279, 'Sangre de Cristo Range, Colorado, USA'),
(440, 'Mount Sherman', 4278, 'Mosquito Range, Colorado, USA'),
(441, 'Redcloud Peak', 4277, 'San Juan Mountains, Colorado, USA'),
(442, 'Galeras', 4276, 'Andes, Columbia'),
(443, 'Mount Langley', 4275, 'Sierra Nevada, California, USA'),
(444, 'Finsteraarhorn', 4274, 'Bernese Alps, Switzerland'),
(445, 'Pyramid Peak', 4273, 'Elk Mountains, Colorado, USA'),
(446, 'Mount Tyndall', 4273, 'Sierra Nevada, California, USA'),
(447, 'Wilson Peak', 4272, 'San Juan Mountains, Colorado, USA'),
(448, 'Mount Muir', 4272, 'Sierra Nevada, California, USA'),
(449, 'San Luis Peak', 4271, 'San Juan Mountains, Colorado, USA'),
(450, 'Wetterhorn Peak', 4271, 'San Juan Mountains, Colorado, USA'),
(451, 'Middle Palisade', 4271, 'Sierra Nevada, California, USA'),
(452, 'Huron Peak', 4269, 'Sawatch Range, Colorado, USA'),
(453, 'Mount of the Holy Cross', 4269, 'Sawatch Range, Colorado, USA'),
(454, 'Thunderbolt Peak', 4268, 'Sierra Nevada, California, USA'),
(455, 'Sunshine Peak', 4268, 'San Juan Mountains, Colorado, USA'),
(456, 'Mount Strickland', 4260, 'Saint Elias Mountains, Yukon, Canada'),
(457, 'Pigeon Peak', 4259, 'San Juan Mountains, Colorado, USA'),
(458, 'Pointe Bayeux', 4258, 'Graian Alps, Mont Blanc massif, France'),
(459, 'Mount Kennedy', 4250, 'Saint Elias Mountains, Yukon, Canada'),
(460, 'Mont Blanc du Tacul', 4248, 'Graian Alps, Mont Blanc massif, France'),
(461, 'Stecknadelhorn', 4241, 'Pennine Alps, Switzerland'),
(462, 'Avalanche Peak', 4228, 'Saint Elias Mountains, Yukon, Canada'),
(463, 'Castor', 4223, 'Pennine Alps, Switzerland'),
(464, 'Zinalrothorn', 4221, 'Pennine Alps, Switzerland'),
(465, 'Volcán Tajumulco', 4220, 'Guatemala'),
(466, 'Hohberghorn', 4219, 'Pennine Alps, Switzerland'),
(467, 'Turret Peak', 4217, 'Needle Mountains, Colorado, USA'),
(468, 'Mount Darwin', 4216, 'Sierra Nevada, California, USA'),
(469, 'Mount Hayes', 4216, 'Alaska, USA'),
(470, 'Sacabaya', 4215, 'Bolivia'),
(471, 'Grandes Jorasses', 4208, 'Mont Blanc massif, France/Italy'),
(472, 'Gannett Peak', 4208, 'Wind River Range, Wyoming, USA'),
(473, 'Mauna Kea', 4207, 'Hawaii, USA'),
(474, 'Alphubel', 4206, 'Pennine Alps, Switzerland'),
(475, 'Mauna Kea', 4205, 'Hawaii, USA (highest mountain base to summit)'),
(476, 'Cofre de Perote', 4201, 'Mexico'),
(477, 'Zard-Kuh', 4200, 'Zagros Mountains Iran'),
(478, 'Shah Alborz', 4200, 'Alborz, Iran'),
(479, 'Rimpfischhorn', 4199, 'Pennine Alps, Switzerland'),
(480, 'Grand Teton', 4199, 'Teton Range, Wyoming, USA'),
(481, 'Mount Cook', 4196, 'Saint Elias Mountains, Canada/USA'),
(482, 'Aletschhorn', 4192, 'Bernese Alps, Switzerland'),
(483, 'Strahlhorn', 4190, 'Pennine Alps, Switzerland'),
(484, 'Fremont Peak', 4189, 'Wind River Range, Wyoming, USA'),
(485, 'Mount Warren', 4182, 'Wind River Range, Wyoming, USA'),
(486, 'Mount Sidley', 4181, 'Antarctica'),
(487, 'Dent d\'Hérens', 4171, 'Pennine Alps, Switzerland'),
(488, 'Mauna Loa', 4171, 'Hawaii, USA'),
(489, 'Jbel Toubkal', 4167, 'Atlas Mountains, Morocco'),
(490, 'Mount Minto', 4165, 'Antarctica'),
(491, 'Breithorn (Western Summit)', 4164, 'Pennine Alps, Switzerland/Italy'),
(492, 'Jungfrau', 4158, 'Bernese Alps, Switzerland'),
(493, 'Bishorn', 4153, 'Pennine Alps, Switzerland'),
(494, 'Mount Helen', 4151, 'Wind River Range, Wyoming, USA'),
(495, 'El Mela', 4150, 'Andes, Argentina'),
(496, 'Mount Quincy Adams', 4150, 'Fairweather Range, Canada/USA'),
(497, 'Doublet Peak', 4145, 'Wind River Range, Wyoming, USA'),
(498, 'Turret Peak', 4145, 'Wind River Range, Wyoming, USA'),
(499, 'Mount Parnassus (Colorado)', 4137, 'Front Range, Rocky Mountains, Colorado, USA'),
(500, 'Uludoruk (Reşko / Gelyaşin)', 4137, 'Cilo Daglari Hakkari, Turkey'),
(501, 'Mount Sacagawea', 4136, 'Wind River Range, Wyoming, USA'),
(502, 'Mount Dubois', 4135, 'White Mountains, California, USA'),
(503, 'Mount Muhabura (Albertine Rift)', 4127, 'Virunga Mountains, Musanze, Rwanda'),
(504, 'Kings Peak', 4125, 'Uinta Range, Utah, USA'),
(505, 'Aiguille Verte', 4122, 'Mont Blanc massif, France'),
(506, 'Mount Bangeta', 4121, 'Papua New Guinea'),
(507, 'Mount Dickerson', 4120, 'Queen Alexandra Range, Antarctica'),
(508, 'Monte Tlaloc', 4120, 'Mexican Volcanic Belt, Mexico – Archaeological ruins at summit'),
(509, 'Jackson Peak', 4120, 'Wind River Range, Wyoming, USA'),
(510, 'Mount Woodrow Wilson', 4115, 'Wind River Range, Wyoming, USA'),
(511, 'Bastion Peak', 4113, 'Wind River Range, Wyoming'),
(512, 'Aiguille Blanche de Peuterey', 4112, 'Mont Blanc massif, Italy'),
(513, 'Mönch', 4107, 'Bernese Alps, Switzerland'),
(514, 'Mount Febbas', 4105, 'Wind River Range, Wyoming, USA'),
(515, 'Barre des Écrins', 4102, 'Dauphiné Alps, France'),
(516, 'Mount Aragats', 4095, 'Armenia'),
(517, 'Mount Cameroon', 4095, 'Cameroon'),
(518, 'Mount Kinabalu', 4095, 'Sabah, Malaysia – Highest in Malaysia'),
(519, 'Grizzly Peak D', 4093, 'Front Range, Rocky Mountains, Colorado, USA'),
(520, 'Pollux', 4092, 'Pennine Alps, Switzerland'),
(521, 'Kīlauea', 4091, 'Hawaii, USA'),
(522, 'Mount Wade', 4085, 'Prince Olav Mountains, Antarctica'),
(523, 'Mount Victoria', 4072, 'Papua New Guinea'),
(524, 'Centennial Peak', 4070, 'Prince Olav Mountains, Antarctica'),
(525, 'Gran Paradiso', 4061, 'Graian Alps, Italy'),
(526, 'Ober Gabelhorn', 4053, 'Pennine Alps, Switzerland'),
(527, 'Piz Bernina', 4049, 'Bernina Alps, Switzerland'),
(528, 'Fiescherhorn', 4049, 'Bernese Alps, Switzerland'),
(529, 'Grünhorn', 4043, 'Bernese Alps, Switzerland'),
(530, 'Lauteraarhorn', 4042, 'Bernese Alps, Switzerland'),
(531, 'Aiguille du Géant', 4035, 'Graian Alps, Mont Blanc massif, France'),
(532, 'Mount Sniktau', 4034, 'Front Range, Rocky Mountains, Colorado, USA'),
(533, 'Allalinhorn', 4027, 'Pennine Alps, Switzerland'),
(534, 'Wind River Peak', 4021, 'Wind River Range, Wyoming, USA'),
(535, 'Latsga', 4019, 'Caucasus Mountains, Svaneti, Georgia'),
(536, 'Weissmies', 4017, 'Pennine Alps, Switzerland'),
(537, 'Mount Waddington', 4016, 'British Columbia, Canada'),
(538, 'Mount Marcus Baker', 4016, 'Chugach Range, Alaska, USA'),
(539, 'Dôme de neige des Écrins', 4015, 'Dauphine Alps, France'),
(540, 'Conejos Peak', 4015, 'San Juan Mountains, Colorado, USA'),
(541, 'Aiguilles du Diable', 4014, 'Graian Alps, Mont Blanc massif, France'),
(542, 'Dent du Géant', 4013, 'Mont Blanc massif, France/Italy'),
(543, 'Red Slate Mountain', 4013, 'Sierra Nevada, California, USA'),
(544, 'Cloud Peak', 4013, 'Big Horn Mountains, Wyoming, USA'),
(545, 'Wheeler Peak', 4012, 'Sangre de Cristo Mountains, New Mexico, USA'),
(546, 'Lagginhorn', 4010, 'Pennine Alps, Switzerland'),
(547, 'Twilight Peak', 4010, 'San Juan Mountains, Colorado, USA'),
(548, 'Francs Peak', 4009, 'Absaroka Range, Wyoming, USA'),
(549, 'Mount Walter', 4005, 'New Mexico, USA'),
(550, 'Les Droites', 4000, 'Mont Blanc massif, France'),
(551, 'Piz Zupò', 3995, 'Bernina Range, Switzerland'),
(552, 'Truchas Peak', 3994, 'Sangre de Cristo Mountains, New Mexico'),
(553, 'Fletschhorn', 3993, 'Pennine Alps, Switzerland'),
(554, 'Mount Albert Edward', 3990, 'Papua New Guinea'),
(555, 'La Meije', 3987, 'Dauphine Alps, France'),
(556, 'Wheeler Peak', 3982, 'Snake Range, Nevada'),
(557, 'Mount Dana', 3981, 'California'),
(558, 'Acatenango', 3976, 'Guatemala'),
(559, 'Piz Roseg', 3973, 'Bernina Range, Switzerland'),
(560, 'Piz Scerscen', 3971, 'Bernina Range, Switzerland'),
(561, 'Eiger', 3967, 'Bernese Oberland, Switzerland'),
(562, 'Mount Tochal', 3964, 'Alborz, Iran'),
(563, 'Black Tooth Mountain', 3964, 'Bighorn Mountains, Wyoming'),
(564, 'Grand Cornier', 3962, 'Pennine Alps, Switzerland'),
(565, 'Mount Owen', 3957, 'Teton Range, Wyoming'),
(566, 'Ailefroide', 3954, 'Dauphine Alps, France'),
(567, 'Mount Robson', 3954, 'Highest point in the Canadian Rockies'),
(568, 'Descabezado Grande', 3953, 'Chile'),
(569, 'Yu Shan (Mount Jade)', 3952, 'Highest point in Taiwan'),
(570, 'Mont Pelvoux', 3946, 'Dauphine Alps, France'),
(571, 'Mount Julian', 3940, 'Colorado, United States'),
(572, 'Ajusco', 3930, 'Mexico'),
(573, 'Pic Sans Nom', 3919, 'Dauphine Alps, France'),
(574, 'Mount Erciyes', 3916, 'Central Anatolia, Turkey'),
(575, 'Bomber Mountain', 3914, 'Bighorn Range, Wyoming, United States'),
(576, 'Jicarita Peak', 3912, 'Sangre de Cristo Mountains, New Mexico'),
(577, 'Ortler', 3905, 'Italy South Tyrol'),
(578, 'Piz Palü', 3905, 'Bernina Range, Switzerland'),
(579, 'Middle Teton', 3903, 'Teton Range, Wyoming'),
(580, 'Aiguille d\'Argentière', 3902, 'Mont Blanc massif, France/Switzerland'),
(581, 'Granite Peak', 3901, 'Montana, USA'),
(582, 'Mount Gibbs', 3893, 'Sierra Nevada, California, USA'),
(583, 'Mount Crillon', 3879, 'Fairweather Range, Alaska, USA'),
(584, 'Mont Blanc de Cheilon', 3870, 'Pennine Alps, Switzerland'),
(585, 'Aiguille du Goûter', 3863, 'Graian Alps, Mont Blanc massif, France'),
(586, 'Borah Peak', 3861, 'Idaho, USA'),
(587, 'Grande Casse', 3855, 'Vanoise Massif, France'),
(588, 'Humphreys Peak', 3852, 'Arizona, USA'),
(589, 'Santa Fe Baldy', 3847, 'Sangre de Cristo Mountains, New Mexico'),
(590, 'Mount Baldwin', 3845, 'Sierra Nevada, California, USA'),
(591, 'Aiguille du Midi', 3842, 'Graian Alps, Mont Blanc Massif, France'),
(592, 'Mount Moran', 3842, 'Wyoming, USA'),
(593, 'Monte Viso', 3841, 'Italian Alps'),
(594, 'Mount Saramati', 3826, 'Patkai Range, Nagaland, India'),
(595, 'Nesthorn', 3822, 'Bernese Alps, Switzerland'),
(596, 'Cerro Chirripó', 3820, 'Highest in Costa Rica'),
(597, 'Aiguille des Glaciers', 3816, 'Mont Blanc massif, France/Italy'),
(598, 'South Teton', 3814, 'Teton Range, Wyoming'),
(599, 'La Râteau', 3809, 'Dauphine Alps, France'),
(600, 'Mount Kerinci', 3800, 'Highest volcano in Indonesia'),
(601, 'Großglockner', 3798, 'Austria'),
(602, 'Pigne d\'Arolla', 3796, 'Pennine Alps, Switzerland'),
(603, 'Mount Erebus', 3794, 'Antarctica'),
(604, 'Mont Pourri', 3779, 'Vanoise Massif, France'),
(605, 'Mount Fuji', 3776, 'Japan'),
(606, 'Wildspitze', 3774, 'Austria'),
(607, 'Greenhorn Mountain', 3763, 'Wet Mountains, Colorado, USA'),
(608, 'Volcán de Fuego', 3763, 'Guatemala'),
(609, 'Teewinot Mountain', 3757, 'Teton Range, Wyoming, USA'),
(610, 'Aiguille du Dru', 3754, 'Graian Alps, France'),
(611, 'Aoraki/Mount Cook', 3754, 'New Zealand'),
(612, 'Pointe de Charbonnel', 3752, 'Graian Alps, France'),
(613, 'Piz Morteratsch', 3751, 'Bernina Range, Switzerland'),
(614, 'Mount Davis', 3750, 'California, USA'),
(615, 'Mount Morrison', 3750, 'California, USA'),
(616, 'Mount Taibai', 3750, 'Qin Mountains, China'),
(617, 'Aiguille de la Grande Sassière', 3747, 'Graian Alps, France'),
(618, 'Lanín', 3747, 'Andes,Chile/Argentina'),
(619, 'Mount Columbia', 3747, 'Canadian Rockies'),
(620, 'Mount Adams', 3743, 'Cascade Range,Washington, USA'),
(621, 'Mount Adams', 3743, 'Washington, USA'),
(622, 'Teepe Pillar', 3739, 'Teton Range, Wyoming, USA'),
(623, 'Weißkugel', 3739, 'Alps, Austria/Italy'),
(624, 'Minarets', 3735, 'Sierra Nevada, California'),
(625, 'Mount Huntington', 3731, 'Alaska Range, Alaska, USA'),
(626, 'Bedori Peak', 3727, 'Forward Kahuta, Azad Kashmir, Pakistan'),
(627, 'Mount Rinjani', 3726, 'Indonesia'),
(628, 'Cerro del Potosí', 3721, 'Mexico'),
(629, 'Teide', 3718, 'Canary Islands '),
(630, 'Asperity Mountain', 3716, 'Waddington Range'),
(631, 'Sahand', 3707, 'East Azerbaijan, Iran'),
(632, 'Monte San Lorenzo', 3706, 'Patagonia, Argentina-Chile'),
(633, 'Wetterhorn', 3701, 'Bernese Alps, Switzerland'),
(634, 'Dent Parrachée', 3697, 'Vanoise massif, France'),
(635, 'Gunnbjørn', 3694, 'highest in Greenland'),
(636, 'North Twin Peak', 3684, 'Canadian Rockies'),
(637, 'Monte Disgrazia', 3678, 'Bregaglia, Switzerland'),
(638, 'Semeru', 3676, 'Java, Indonesia'),
(639, 'Les Bans', 3669, 'Ecrins, France'),
(640, 'Cloudveil Dome', 3666, 'Teton Range, Wyoming, USA'),
(641, 'Thor Peak', 3666, 'Teton Range, Wyoming, United States'),
(642, 'Medicine Bow Peak', 3661, 'Wyoming, USA'),
(643, 'Hyndman Peak', 3660, 'Idaho, USA'),
(644, 'Mount Clemenceau', 3658, 'Canadian Rockies'),
(645, 'Mount Frakes', 3654, 'Crary Mountains, Antarctica'),
(646, 'Grande Motte', 3653, 'Vanoise Massif, France'),
(647, 'Sierra Blanca', 3652, 'Sacramento Mountains, New Mexico'),
(648, 'Pointe de la Fournache', 3642, 'Vanoise massif, France'),
(649, 'Buck Mountain', 3639, 'Teton Range, Wyoming'),
(650, 'Mount Nebo', 3636, 'Utah, USA'),
(651, 'Mount Charleston', 3632, 'Nevada, USA'),
(652, 'Hintere Schwärze', 3628, 'Ötztal Alps, Austria/Italy'),
(653, 'Nez Perce Peak', 3627, 'Teton Range, Wyoming, USA'),
(654, 'Mount Alberta', 3619, 'Canadian Rockies'),
(655, 'Mount Assiniboine', 3618, 'Canadian Rockies'),
(656, 'Tödi', 3614, 'Swiss Alps'),
(657, 'Mount Forbes', 3612, 'Canadian Rockies'),
(658, 'Lautaro', 3607, 'Patagonia, Chile'),
(659, 'Dôme de la Sache', 3601, 'Vanoise massif, France'),
(660, 'Castle Peak', 3601, 'Idaho, USA'),
(661, 'Dôme de l\'Arpont', 3601, 'Vanoise massif, France'),
(662, 'Dôme de Chasseforêt', 3586, 'Vanoise massif, France'),
(663, 'Makra Peak', 3586, 'Pakistan'),
(664, 'Sierra Velluda', 3585, 'Chile'),
(665, 'Grand Roc Noir', 3582, 'Vanoise massif, France'),
(666, 'Mount Timpanogos', 3582, 'Utah, United States'),
(667, 'Dôme des Nants', 3570, 'Vanoise massif, France'),
(668, 'Ryan Peak', 3570, 'Idaho, USA'),
(669, 'South Twin Peak', 3566, 'Canadian Rockies'),
(670, 'Olan', 3564, 'Ecrins, France'),
(671, 'Aiguille de Péclet', 3561, 'Vanoise massif, France'),
(672, 'Presanella', 3558, 'Adamello-Presanella, Italy'),
(673, 'Mount Steere', 3558, 'Antarctica'),
(674, 'Monarch Mountain', 3555, 'Pacific Ranges, British Columbia, Canada'),
(675, 'Monte Leone', 3552, 'Lepontine Alps, Switzerland'),
(676, 'Mont Turia', 3550, 'Vanoise massif, France'),
(677, 'Mount Temple', 3543, 'Canadian Rockies'),
(678, 'Disappointment Peak', 3541, 'Teton Range, Wyoming'),
(679, 'Mount Woodring', 3533, 'Teton Range, Wyoming'),
(680, 'Aiguille de Polset', 3531, 'Vanoise Massif, France'),
(681, 'Snow Dome', 3520, 'Canadian Rockies'),
(682, 'Aiguilles d\'Arves', 3515, 'Arve Massif, France'),
(683, 'Mont de Gébroulaz', 3511, 'Vanoise massif, France'),
(684, 'Mount San Gorgonio', 3505, 'California, USA'),
(685, 'Mount Kitchener', 3505, 'Canadian Rockies'),
(686, 'Zuckerhütl', 3505, 'Stubai Alps, Austria'),
(687, 'Mount Wister', 3502, 'Teton Range, Wyoming'),
(688, 'Mount Saskatchewan', 3500, 'Yukon, Canada'),
(689, 'Mount Tasman', 3497, 'Southern Alps, New Zealand'),
(690, 'Mount Hungabee', 3492, 'Canadian Rockies'),
(691, 'Mount Athabasca', 3491, 'Canadian Rockies'),
(692, 'Tronador', 3491, 'Chile/Argentina'),
(693, 'Mount Saint John', 3484, 'Teton Range, Wyoming'),
(694, 'Thabana Ntlenyana', 3482, 'Drakensberg, Africa'),
(695, 'Pointes du Châtelard', 3479, 'Vanoise massif, France'),
(696, 'Mulhacén', 3479, 'Spain'),
(697, 'Mount Berlin', 3478, 'Flood Range, Antarctica'),
(698, 'Volcán Barú', 3475, 'Chiriquí, Panama'),
(699, 'Koh-i-Takatu Sraghurgai', 3472, 'Quetta Sraghurgai, Suleman Range, Pakistan'),
(700, 'Roc des Saints Pères', 3470, 'Vanoise massif, France'),
(701, 'Mount Brazeau', 3470, 'Canadian Rockies'),
(702, 'Mount Nyiragongo', 3470, 'Virunga Mountains, DRC'),
(703, 'Ruby Dome', 3470, 'Ruby Mountains, Nevada'),
(704, 'Roche de la Muzelle', 3465, 'Dauphine Alps, France'),
(705, 'Mount Victoria', 3464, 'Canadian Rockies'),
(706, 'Abajo Peak', 3463, 'Abajo Mountains, Utah'),
(707, 'Eagle Peak', 3462, 'Absaroka Range, Wyoming, United States'),
(708, 'Doane Peak', 3461, 'Teton Range, Wyoming, USA'),
(709, 'Ranger Peak', 3461, 'Teton range, Wyoming, USA'),
(710, 'Cerro de la Muerte', 3451, 'Second highest in Costa Rica'),
(711, 'Furgghorn', 3451, 'Pennine Alps, Switzerland'),
(712, 'Mafadi', 3450, 'Drakensberg, South Africa'),
(713, 'Mount Andromeda', 3450, 'Canadian Rockies'),
(714, 'Mount Joffre', 3449, 'Canadian Rockies'),
(715, 'Hilgard Peak', 3449, 'Madison Range, Montana, USA'),
(716, 'Static Peak', 3445, 'Teton Range, Wyoming, USA'),
(717, 'Pointe de la Sana', 3436, 'Vanoise massif, France'),
(718, 'Eagles Rest Peak', 3431, 'Teton Range, Wyoming, USA'),
(719, 'Irazú Volcano', 3431, 'Costa Rica'),
(720, 'Mount Hood', 3429, 'Cascade Range, Oregon, USA'),
(721, 'Deltaform Mountain', 3424, 'Canadian Rockies'),
(722, 'Mount Lefroy', 3423, 'Canadian Rockies'),
(723, 'Pointe de l\'Échelle', 3422, 'Vanoise massif, France'),
(724, 'Pointe du Bouchet', 3420, 'Vanoise massif, France'),
(725, 'Mount Fitzgerald', 3418, 'Ruby Mountains, Nevada, USA'),
(726, 'Bellecôte', 3417, 'Vanoise massif, France'),
(727, 'Crazy Peak', 3417, 'Montana, USA'),
(728, 'Emi Koussi', 3415, 'Tibesti Mountains, Chad'),
(729, 'Piz Linard', 3410, 'Switzerland'),
(730, 'Mount Woolley', 3405, 'Canadian Rockies'),
(731, 'Aneto', 3404, 'Pyrenees, Spain'),
(732, 'Fluchthorn', 3399, 'Silvretta, Austria-Switzerland'),
(733, 'Grand Bec', 3398, 'Vanoise massif, France'),
(734, 'Rockchuck Peak', 3397, 'Teton Range, Wyoming'),
(735, 'Pico Veleta', 3396, 'Sierra Nevada, Spain'),
(736, 'Mount Hector', 3394, 'Canadian Rockies'),
(737, 'Piz Platta', 3392, 'Swiss Alps'),
(738, 'Telescope Peak', 3392, 'Death Valley'),
(739, 'Champagne Castle', 3377, 'Drakensberg, South Africa'),
(740, 'Pic Uzu', 3376, 'Tibesti, Libya-Chad'),
(741, 'Cerro Chaltén', 3375, 'Patagonia, Argentina-Chile'),
(742, 'Mount Spurr', 3374, 'Alaska'),
(743, 'Pointe du Vallonnet', 3372, 'Vanoise massif, France'),
(744, 'Mammoth Mountain', 3371, 'California'),
(745, 'Fründenhorn', 3369, 'Bernese Alps, Switzerland'),
(746, 'Pointe Renod', 3368, 'Vanoise massif, France'),
(747, 'Traverse Peak', 3368, 'Teton Range, Wyoming'),
(748, 'Mount Edith Cavell', 3363, 'Canadian Rockies'),
(749, 'Dôme des Sonnailles', 3361, 'Vanoise massif, France'),
(750, 'Mount Agepsta', 3357, 'Gagra Range, Abkhazia, Georgia'),
(751, 'Mount Munday', 3356, 'Pacific Ranges, B.C., Canada'),
(752, 'Pointe de Claret', 3355, 'Vanoise massif, France'),
(753, 'Monte Perdido', 3355, 'Pyrenees'),
(754, 'Electric Peak', 3343, 'Gallatin Range, Montana'),
(755, 'Mount Saskatchewan', 3342, 'Canadian Rockies'),
(756, 'Cerro Fábrega', 3335, 'Bocas Del Toro, Panama'),
(757, 'Ward Mountain', 3333, 'Nevada, USA'),
(758, 'Pointe de Méan Martin', 3330, 'Vanoise massif, France'),
(759, 'Mount Etna', 3329, 'Metropolitan City of Catania, Italy'),
(760, 'Dôme de Polset', 3326, 'Vanoise massif, France'),
(761, 'Cathedral Peak', 3326, 'California, USA'),
(762, 'Raynolds Peak', 3325, 'Teton Range, Wyoming'),
(763, 'Rolling Thunder Mountain', 3324, 'Teton Range, Wyoming'),
(764, 'Mount Hampton', 3323, 'Antarctica'),
(765, 'Dôme des Pichères', 3319, 'Vanoise massif, France'),
(766, 'Grand Roc', 3316, 'Vanoise massif, France'),
(767, 'Giant\'s Castle', 3315, 'Drakensberg, South Africa'),
(768, 'Sunwapta Peak', 3315, 'Canadian Rockies'),
(769, 'Piz Buin', 3312, 'Silvretta, Austria-Switzerland'),
(770, 'Mount Ball', 3311, 'Canadian Rockies'),
(771, 'Piz Badile', 3308, 'Bregaglia, Switzerland'),
(772, 'Mount Chephren', 3307, 'Canadian Rockies'),
(773, 'Ağ Dağ', 3306, 'Bozgush mountain range, East Azerbaijan, Iran'),
(774, 'Mount Silberhorn', 3303, 'Southern Alps, New Zealand'),
(775, 'San Jacinto Peak', 3302, 'California, USA'),
(776, 'Didi Abuli', 3301, 'Georgia'),
(777, 'Bivouac Peak', 3299, 'Teton Range, Wyoming'),
(778, 'Mount Wilbur', 3298, 'Fairweather Range, Alaska, USA'),
(779, 'Monte Argentera', 3297, 'Maritime Alps, Italy'),
(780, 'Mount Rose (Nevada)', 3287, 'Carson Range, Nevada'),
(781, 'Mount Samsari', 3285, 'Abul-Samsari Range, Georgia'),
(782, 'Roche Chevrière', 3281, 'Vanoise massif, France'),
(783, 'Habicht', 3277, 'Stubai Alps, Austria'),
(784, 'Thompson Peak', 3277, 'Idaho, USA'),
(785, 'Pointe de Thorens', 3266, 'Vanoise massif, France'),
(786, 'Mount Cramer', 3266, 'Idaho, USA'),
(787, 'Toussidé', 3265, 'Tibesti Mountains, Chad-Libya'),
(788, 'Antelao', 3264, 'Dolomites, Italy'),
(789, 'Mont Pelve', 3261, 'Vanoise massif, France'),
(790, 'Mount Stanley Baldwin', 3256, 'Columbia Mountains, B.C., Canada'),
(791, 'Sandia Crest', 3255, 'New Mexico, USA'),
(792, 'Épaule du Bouchet', 3250, 'Vanoise massif, France'),
(793, 'Mount Smythe', 3246, 'Canadian Rockies'),
(794, 'Wildstrubel', 3243, 'Bernese Alps, Switzerland'),
(795, 'Williams Peak', 3242, 'Idaho, USA'),
(796, 'Mount Hope', 3239, 'Highest British mountain, British Antarctic Territory'),
(797, 'Titlis', 3238, 'Bernese Alps, Switzerland'),
(798, 'Owl Peak', 3235, 'Teton Range, Wyoming'),
(799, 'Mount Mackenzie King', 3234, 'Cariboo Mountains, B.C., Canada'),
(800, 'Pointe des Buffettes', 3233, 'Vanoise massif, France'),
(801, 'Lisenser Spitze', 3230, 'Stubai Alps, Austria'),
(802, 'Mount Terror', 3230, 'Antarctica'),
(803, 'Aiguille Rouge', 3227, 'Vanoise massif, France'),
(804, 'Monte Civetta', 3220, 'Dolomites, Italy'),
(805, 'Symmetry Spire', 3219, 'Teton Range, Wyoming'),
(806, 'Glacier Peak', 3213, 'Washington, USA'),
(807, 'Pointe du Dard', 3212, 'Vanoise massif, France'),
(808, 'Mount Binalud', 3211, 'Alborz, Iran'),
(809, 'Pointe de la Réchasse', 3206, 'Vanoise massif, France'),
(810, 'Mount Jefferson', 3204, 'Montana, USA'),
(811, 'Mount Jefferson', 3199, 'Cascade Range, Oregon, USA'),
(812, 'Dreiländerspitze', 3197, 'Silvretta, Austria-Switzerland'),
(813, 'Mount Kita', 3193, 'Akaishi Mountains, Japan'),
(814, 'Mount Hotaka', 3190, 'Hida Mountains, Japan'),
(815, 'Mount Cleveland', 3190, 'Montana, USA'),
(816, 'Ainodake', 3189, 'Akaishi Mountains, Japan'),
(817, 'Lassen Peak', 3189, 'California, USA'),
(818, 'Mount Galatea', 3185, 'Kananaskis Range, Alberta, Canada'),
(819, 'Rendezvous Mountain', 3185, 'Teton Range, Wyoming, USA'),
(820, 'Saviers Peak', 3182, 'Idaho, USA'),
(821, 'Mount Yari', 3180, 'Hida Mountains, Japan'),
(822, 'Parícutin', 3170, 'Mexico'),
(823, 'Mount Aylmer', 3162, 'Canadian Rockies'),
(824, 'South Sister', 3157, 'Cascade Range, Oregon, USA'),
(825, 'Stanley Peak', 3155, 'Ball Range, Canadian Rockies'),
(826, 'Jøkulkyrkja', 3148, 'Antarctica'),
(827, 'Pica d\'Estats', 3143, 'Spanish–French border, Pyrenees'),
(828, 'Mount Arakawa', 3141, 'Akaishi Mountains, Japan'),
(829, 'Gray Peak', 3140, 'Yellowstone National Park, Wyoming, USA'),
(830, 'Mount Heyburn', 3139, 'Idaho, USA'),
(831, 'Mount Washburn', 3122, 'Yellowstone National Park, Wyoming, USA'),
(832, 'Mount Collie', 3116, 'Canadian Rockies'),
(833, 'Mount Siple', 3110, 'Antarctica'),
(834, 'Pirchinassi', 3110, 'Muzaffarabad Azad Kashmir'),
(835, 'Mount Redoubt', 3108, 'Alaska, USA'),
(836, 'Mount Babel', 3101, 'Bow Range, Alberta, Canada'),
(837, 'Mount Emei', 3099, 'China'),
(838, 'Pico Duarte', 3098, 'Dominican Republic'),
(839, 'Trapper Peak', 3096, 'Montana, USA'),
(840, 'Storm Mountain', 3095, 'Canadian Rockies'),
(841, 'Mount Blackmore', 3094, 'Montana, USA'),
(842, 'Mount Stimson', 3091, 'Montana, USA'),
(843, 'Mol Len', 3088, 'Patkai Range, Nagaland-India/Burma'),
(844, 'Qurnat as Sawdā’', 3088, 'Lebanon'),
(845, 'Mount Richardson', 3086, 'Canadian Rockies'),
(846, 'Kintla Peak', 3079, 'Livingston Range, Montana, USA'),
(847, 'Mount Moulton', 3078, 'Antarctica'),
(848, 'Smoky Dome', 3077, 'Idaho, USA'),
(849, 'North Sister', 3074, 'Cascade Range, Oregon, USA'),
(850, 'Piton des Neiges', 3069, 'Réunion, France'),
(851, 'Mount San Antonio', 3068, 'San Gabriel Mountains, California, USA'),
(852, 'Mount Ontake', 3067, 'Japan'),
(853, 'Mount Jackson', 3064, 'Lewis Range, Montana, USA'),
(854, 'Middle Sister', 3062, 'Cascade Range, Oregon, USA'),
(855, 'Mount Wutai', 3061, 'Shanxi, China'),
(856, 'Mount Nyamuragira', 3058, 'Democratic Republic of the Congo'),
(857, 'Haleakala', 3057, 'Hawaii, USA'),
(858, 'Crowfoot Mountain', 3055, 'Canadian Rockies'),
(859, 'Mount Chester', 3054, 'Canadian Rockies'),
(860, 'Mount Siyeh', 3052, 'Montana, USA'),
(861, 'Mount Merritt', 3049, 'Montana, USA'),
(862, 'Cerro de Coxóm', 3045, 'Guatemala'),
(863, 'Parseierspitze', 3036, 'Austria'),
(864, 'Mount Senjō', 3033, 'Akaishi Mountains, Japan'),
(865, 'Mount Aspiring/Tititea', 3033, 'New Zealand'),
(866, 'Kinnerly Peak', 3031, 'Montana, USA'),
(867, 'Mount Agung', 3031, 'Bali, Indonesia'),
(868, 'Mount Norikura', 3026, 'Hida Mountains, Japan'),
(869, 'Tsiteli Khati', 3026, 'Kharuli Range, Georgia'),
(870, 'Mount McArthur', 3021, 'Canadian Rockies'),
(871, 'Mount Tate', 3015, 'Hida Mountains, Japan'),
(872, 'Mount Japvo', 3014, 'Barail Range, Nagaland, India'),
(873, 'Mount Tahat', 3003, 'Algeria'),
(874, 'Sapitwa', 3002, 'Mulanje Massif, Malawi'),
(875, 'The Fortress', 3000, 'Canadian Rockies'),
(876, 'Pizzo Centrale', 2999, 'Switzerland'),
(877, 'Cascade Mountain', 2998, 'Canada'),
(878, 'Copahue', 2997, 'Argentina/Chile'),
(879, 'Pico da Neblina', 2994, 'Brazil'),
(880, 'Mount Girouard', 2985, 'Canada'),
(881, 'Mount Whyte', 2983, 'Canada'),
(882, 'Miranjani', 2980, 'Pakistan'),
(883, 'Forellen Peak', 2979, 'Teton Range, Wyoming, USA'),
(884, 'Mount Andrus', 2978, 'Ames Range, Antarctica'),
(885, 'Mount Niblock', 2976, 'Bow Range, Canadian Rockies, Canada'),
(886, 'Pico 31 de Março', 2973, 'Serra do Imeri, Amazonas, Brazil'),
(887, 'Keele Peak', 2972, 'Mackenzie Mountains, Yukon, Canada'),
(888, 'Mount Odin', 2970, 'Monashee Mountains, B.C., Canada'),
(889, 'Schilthorn', 2970, 'Bernese Alps, Switzerland'),
(890, 'Mount Tallac', 2968, 'Sierra Nevada, California, USA'),
(891, 'Mount Inglismaldie', 2964, 'Fairholme Range, Canadian Rockies, Canada'),
(892, 'Mount Ramelau', 2963, 'Highest in East Timor'),
(893, 'Zugspitze', 2962, 'Germany – Highest'),
(894, 'Slide Mountain (Nevada)', 2957, 'Carson Range, Nevada'),
(895, 'Little Alberta', 2956, 'Sir Winston Churchill Range, Canadian Rockies, Canada'),
(896, 'Mount Arfak', 2955, 'Arfak Mountains, West Papua, Indonesia'),
(897, 'Iron Mountain', 2955, 'Soldier Mountains, Idaho, USA'),
(898, 'Apo', 2954, 'Philippines – Highest'),
(899, 'Fossil Mountain', 2946, 'Banff NP, Alberta, Canada'),
(900, 'Coma Pedrosa', 2942, 'Pyrenees, Andorra – Highest'),
(901, 'Going to the Sun Mountain', 2939, 'Lewis Range, Montana, USA'),
(902, 'Fishers Peak', 2936, 'Raton Mesas, Colorado-New Mexico, USA'),
(903, 'Pilot Mountain', 2935, 'Massive Range, Canadian Rockies, Canada'),
(904, 'Uri Rotstock', 2928, 'Switzerland'),
(905, 'Musala', 2925, 'Rila Mountain, Bulgaria – Highest'),
(906, 'Mount Pulag', 2922, 'Philippines'),
(907, 'Mount Olympus', 2917, 'Thessaly/Macedonia, Greece – Highest'),
(908, 'Vihren', 2914, 'Pirin Mountain, Bulgaria'),
(909, 'Mount Gould', 2912, 'Montana, USA'),
(910, 'Mount Blakiston', 2910, 'Flathead Range, Canadian Rockies, Canada'),
(911, 'Kutelo', 2908, 'Pirin Mountain, Bulgaria'),
(912, 'Mount Sas dla Crusc', 2907, 'Dolomites, Italy'),
(913, 'Chutine Peak', 2903, 'Coast Range, British Columbia, Canada'),
(914, 'Malka Musala', 2902, 'Rila Mountain, Bulgaria'),
(915, 'Rising Wolf Mountain', 2900, 'Lewis Range, Montana, USA'),
(916, 'Bonanza Peak', 2899, 'Cascade Range, Washington, USA'),
(917, 'Pic de Sanfonts', 2894, 'Pyrenees, Andorra'),
(918, 'Pico da Bandeira', 2892, 'Serra do Caparaó, Minas Gerais/Espírito Santo, Brazil'),
(919, 'Collarada', 2886, 'Pyrenees, Spain'),
(920, 'Banski Suhodol', 2884, 'Pirin Mountain, Bulgaria'),
(921, 'Boardman Peak', 2882, 'Soldier Mountains, Idaho, USA'),
(922, 'Mount Wrightson', 2882, 'Santa Rita Mountains, Arizona, USA'),
(923, 'Lembert Dome', 2880, 'California, USA'),
(924, 'Sacajawea Peak', 2876, 'USA'),
(925, 'Mount Stuart', 2869, 'Cascades, Washington, USA'),
(926, 'Mount Silverthrone', 2865, 'British Columbia, Canada'),
(927, 'Triglav', 2864, 'Slovenia – Highest'),
(928, 'Mount Saint Nicholas', 2858, 'Montana, USA'),
(929, 'Irechek', 2852, 'Rila Mountain, Bulgaria'),
(930, 'Polezhan', 2851, 'Pirin Mountain, Bulgaria'),
(931, 'Mount Wilbur', 2841, 'Montana, USA'),
(932, 'Pico do Fogo', 2829, 'Cape Verde – Highest'),
(933, 'Kamentiza', 2822, 'Pirin Mountain, Bulgaria'),
(934, 'Bayuvi dupki', 2820, 'Pirin Mountain, Bulgaria'),
(935, 'Mount Fernow', 2819, 'Washington, USA'),
(936, 'Mount Hermon', 2814, 'Syria and Lebanon; a subpeak on its southern slopes is within the Israeli-controlled Golan Heights region'),
(937, 'Mount Cory', 2802, 'Alberta, Canada'),
(938, 'Mount Thielsen', 2799, 'Cascades, Oregon, USA'),
(939, 'Pedra da Mina', 2798, 'Serra da Mantiqueira, Minas Gerais/São Paulo, Brazil'),
(940, 'Mount Ruapehu', 2797, 'Tongariro National Park, North Island, New Zealand'),
(941, 'Copper Mountain', 2795, 'Alberta, Canada'),
(942, 'Pico das Agulhas Negras', 2792, 'Serra do Itatiaia, Minas Gerais/Rio de Janeiro, Brazil'),
(943, 'Deno', 2790, 'Rila Mountain, Bulgaria'),
(944, 'Hayes Volcano', 2788, 'Alaska, USA'),
(945, 'Mount Edziza', 2787, 'British Columbia, Canada'),
(946, 'Canigou', 2784, 'Pyrenees, France');
INSERT INTO `mountains` (`ID`, `Name`, `Height`, `Location`) VALUES
(947, 'Mount Longonot', 2780, 'RIftvalley, Kenya'),
(948, 'Buckner Mountain', 2778, 'Washington, USA'),
(949, 'Mount Longonot', 2776, 'Great Rift Valley, Kenya'),
(950, 'Seven Fingered Jack', 2774, 'Washington, USA'),
(951, 'Mount Nirvana', 2773, 'Northwest Territories, Canada'),
(952, 'Pico do Cristal', 2770, 'Serra do Caparaó, Minas Gerais, Brazil'),
(953, 'Chief Mountain', 2768, 'Montana, USA'),
(954, 'Ovcharets', 2768, 'Rila Mountain, Bulgaria'),
(955, 'Lincoln Peak', 2768, 'Washington, USA'),
(956, 'Castle Mountain', 2766, 'Canadian Rockies, Canada'),
(957, 'Pyramid Mountain', 2766, 'Canadian Rockies, Canada'),
(958, 'Mount Bachelor', 2764, 'Formerly Bachelor Butte, Cascade Mountains, Oregon, USA'),
(959, 'Mount Korab', 2764, 'Republic of Macedonia & Albania – Highest'),
(960, 'Yalovarnika', 2763, 'Pirin Mountain, Bulgaria'),
(961, 'Gazey', 2761, 'Pirin Mountain, Bulgaria'),
(962, 'Mount Sir James MacBrien', 2759, 'Canada'),
(963, 'Kaymakchal', 2753, 'Pirin Mountain, Bulgaria'),
(964, 'Mount Olympus', 2751, 'Utah, USA'),
(965, 'Todorka', 2746, 'Pirin Mountain, Bulgaria'),
(966, 'Mawson Peak', 2745, 'Highest in Australia'),
(967, 'Fairview Mountain', 2744, 'Bow Range, Canadian Rockies, Canada'),
(968, 'Mount Baekdu', 2744, 'North Korea/China Highest in North Korea'),
(969, 'Škrlatica', 2740, 'Julian Alps, Slovenia'),
(970, 'Monte Roraima', 2739, 'Serra de Pacaraima, Roraima, Brazil'),
(971, 'Heavens Peak', 2739, 'Montana, USA'),
(972, 'Mount Spickard', 2737, 'North Cascades, USA'),
(973, 'Banderishki Chukar', 2732, 'Pirin Mountain, Bulgaria'),
(974, 'Mount Melbourne', 2732, 'Antarctica'),
(975, 'Cerro El Pital', 2730, 'El Salvador – Highest'),
(976, 'Mount Redoubt', 2730, 'Washington, USA'),
(977, 'Dzhengal', 2730, 'Pirin Mountain, Bulgaria'),
(978, 'Malyovitsa', 2729, 'Rila Mountain, Bulgaria'),
(979, 'Pizzo di Claro', 2727, 'Ticino, Switzerland'),
(980, 'Mount Morning', 2723, 'Antarctica'),
(981, 'Serles', 2718, 'Stubai Alps, Austria'),
(982, 'Watzmann', 2713, 'Bavarian Alps, Germany'),
(983, 'Boston Peak', 2711, 'Washington, USA'),
(984, 'Schiahorn', 2709, 'Switzerland'),
(985, 'Grotto Mountain', 2706, 'Canadian Rockies, Canada'),
(986, 'Mount Haku', 2702, 'Ryōhaku Mountains, Japan'),
(987, 'Eldorado Peak', 2701, 'Washington, USA'),
(988, 'Anaimudi', 2695, 'Kerala, India – #1 in Western Ghats, India'),
(989, 'Maja Jezerce', 2694, '#1 in Dinaric Alps, Albania'),
(990, 'Half Dome', 2693, 'Sierra Nevada, California, USA'),
(991, 'Mount Louis', 2682, 'Alberta, Canada'),
(992, 'Mount Discovery', 2681, 'Antarctica'),
(993, 'Morro do Couto', 2680, 'Serra das Prateleiras, Rio de Janeiro, Brazil'),
(994, 'Pic de la Selle', 2680, 'Haiti'),
(995, 'Mount Garibaldi', 2678, 'British Columbia, Canada'),
(996, 'Bashliyski Chukar', 2670, 'Pirin Mountain, Bulgaria'),
(997, 'Pedra do Sino', 2670, 'Serra dos Órgãos, Rio de Janeiro, Brazil'),
(998, 'Guadalupe Peak', 2667, 'Guadalupe Mountains, Texas – Highest in Texas'),
(999, 'Gjeravica', 2656, 'Prokletije Mountains, Kosovo – Highest in Kosovo'),
(1000, 'Großer Krottenkopf', 2656, 'Allgäu Alps, Tyrol, Austria'),
(1001, 'Pic del Port Vell', 2655, 'Pyrenees, Andorra'),
(1002, 'Gerlachov Peak', 2655, 'High Tatras, Slovakia'),
(1003, 'Mount Michelson', 2652, 'Chugach Mountains, Alaska, USA'),
(1004, 'Torre Cerredo', 2650, 'Picos de Europa, Spain – Highest in Picos de Europa'),
(1005, 'Mount St. Piran', 2649, 'Bow Range, Alberta, Canada'),
(1006, 'Mount Meager', 2645, 'British Columbia, Canada'),
(1007, 'Mount Trus Madi', 2642, 'Trus Madi Range, Sabah, Malaysia – No. 2 in Malaysia'),
(1008, 'Meesapulimala', 2640, 'Tami Nadu/Kerela, India'),
(1009, 'Doddabetta', 2637, 'Tamil Nadu, India'),
(1010, 'Piton de la Fournaise', 2631, 'Réunion'),
(1011, 'Mount Crean', 2630, 'Victoria Land'),
(1012, 'Naina Peak (China Peak)', 2619, 'India, Uttarakhand'),
(1013, 'Cardinal Peak', 2618, 'Washington, USA'),
(1014, 'Peña Vieja', 2617, 'Picos de Europa, Cantabria, Spain'),
(1015, 'Barbeau Peak', 2616, 'Nunavut, Canada – Highest in Nunavut'),
(1016, 'Pelister Peak', 2601, 'Republic of Macedonia'),
(1017, 'Pico Almanzor', 2592, 'Spain'),
(1018, 'Pizzo Molare', 2585, 'Ticino, Switzerland'),
(1019, 'Mount Tavkvetili', 2583, 'Georgia'),
(1020, 'Argonaut Peak', 2576, 'Washington, USA'),
(1021, 'Doi Inthanon', 2565, 'Thailand – Highest in Thailand'),
(1022, 'Cooke\'s Peak/Cook\'s Peak', 2563, 'New Mexico, USA'),
(1023, 'Pic dels Aspres', 2562, 'Pyrenees, Andorra'),
(1024, 'Aguja Saint Exupery', 2558, 'Argentina'),
(1025, 'Mount St. Helens', 2550, 'Washington, USA'),
(1026, 'Big Hatchet Peak', 2547, 'New Mexico, USA'),
(1027, 'Moldoveanu Peak', 2544, 'Romania'),
(1028, 'Negoiu Peak', 2535, 'Romania'),
(1029, 'Vistea Mare', 2527, 'Romania'),
(1030, 'Pidurutalagala', 2524, 'Sri Lanka'),
(1031, 'Mount Norquay', 2522, 'Canadian Rockies, Canada'),
(1032, 'Hualalai', 2521, 'Hawaii, USA'),
(1033, 'Parangu Mare', 2519, 'Romania'),
(1034, 'Mount Taranaki/Egmont', 2518, 'New Zealand'),
(1035, 'Garfield Peak', 2512, 'Wyoming, USA'),
(1036, 'Mount Veniaminof', 2507, 'Alaska, USA'),
(1037, 'Omu Peak', 2505, 'Romania'),
(1038, 'Rysy', 2503, 'Poland/Slovakia'),
(1039, 'Mount Tymfi', 2497, 'Pindus, Greece'),
(1040, 'Špik', 2472, 'Julian Alps, Slovenia'),
(1041, 'Luna Peak', 2470, 'British Columbia, Canada'),
(1042, 'Galdhøpiggen', 2469, 'Norway – Highest'),
(1043, 'Glittertind', 2464, 'Norway'),
(1044, 'El Capitan', 2464, 'Texas, USA'),
(1045, 'Shimbiris', 2464, 'Somalia'),
(1046, 'Sulphur Mountain', 2451, 'Canadian Rockies, Canada'),
(1047, 'Sunset Crater', 2451, 'Arizona, USA'),
(1048, 'Faraya Mzaar', 2444, 'Keserwan, Lebanon'),
(1049, 'Triple Divide Peak', 2444, 'Montana, USA'),
(1050, 'Monte Binga', 2436, 'Manica, Mozambique'),
(1051, 'Mount Olympus', 2432, 'Washington, USA'),
(1052, 'Peñalara', 2430, 'Spain'),
(1053, 'Mount Dobong', 2426, 'Seoul, South Korea'),
(1054, 'Mount Daniel', 2426, 'Washington, USA'),
(1055, 'Mount Murud', 2423, 'Kelabit Highlands, Sarawak, Malaysia – Highest mountain in Sarawak'),
(1056, 'Mocho', 2422, 'Los Ríos Region, Chile'),
(1057, 'Choshuenco', 2415, 'Los Ríos Region, Chile'),
(1058, 'Ivis Peak', 2414, 'Los Ríos Region, Chile'),
(1059, 'Ha Ling Peak', 2408, 'Canadian Rockies, Alberta, Canada'),
(1060, 'Store Skagastølstind', 2405, 'Norway'),
(1061, 'Hajla', 2403, 'Kosovo'),
(1062, 'Le Tabor', 2389, 'Dauphine Alps, France'),
(1063, 'Kirigalpottha', 2388, 'Sri Lanka'),
(1064, 'Maglić', 2386, 'Bosnia and Herzegovina – Highest in Bosnia and Herzegovina'),
(1065, 'Emory Peak', 2385, 'Texas, USA'),
(1066, 'Mount Cayley', 2385, 'British Columbia, Canada'),
(1067, 'Mount Galwey', 2377, 'Canadian Rockies, Canada'),
(1068, 'Botev Peak', 2376, 'Balkan Mountain, Bulgaria'),
(1069, 'Mount Mulu', 2376, 'Gunung Mulu National Park, Sarawak, Malaysia'),
(1070, 'Mount Deception', 2374, 'Washington, USA'),
(1071, 'Mount Karthala', 2361, 'Comoros, Indian Ocean'),
(1072, 'Totapala Kanda', 2357, 'Sri Lanka'),
(1073, 'Signal Mountain', 2353, 'Wyoming, USA'),
(1074, 'Mount Pico', 2351, 'Azores, Portugal – Highest in Portugal'),
(1075, 'Mount Blum', 2340, 'North Cascades'),
(1076, 'Mount Popomanaseu', 2335, 'Guadalcanal, Solomon Islands – Highest in Solomon Islands'),
(1077, 'Mount Prophet', 2330, 'North Cascades'),
(1078, 'Mount Griggs', 2317, 'Alaska, USA'),
(1079, 'Mount Makarakomburu', 2310, 'Guadalcanal, Solomon Islands'),
(1080, 'Lalla Khedidja', 2308, 'Djurdjura Mountains, Algeria'),
(1081, 'Lavender Peak', 2306, 'British Columbia, Canada'),
(1082, 'Pietrosul Rodnei Peak', 2303, 'Rodnei Mountains, Romanian Carpathian Mountains, Romania'),
(1083, 'Mount Sir Allan MacNab', 2297, 'Premier Range, British Columbia, Canada'),
(1084, 'Murree', 2291, 'Rawalpindi, Pakistan'),
(1085, 'Cherni Vrah', 2290, 'Vitosha Mountain, Bulgaria'),
(1086, 'Druesberg', 2282, 'Alps, Switzerland'),
(1087, 'Ineu Peak', 2279, 'Rodnei Mountains, Romanian Carpathian Mountains, Romania'),
(1088, 'Bikku Bitti', 2267, 'Libya – Second Highest in country'),
(1089, 'Sri Pada Mountain', 2243, 'Sri Lanka'),
(1090, 'Mount John Laurie', 2240, 'Canadian Rockies, Alberta, Canada'),
(1091, 'Red Butte', 2232, 'Arizona, USA'),
(1092, 'Čvrsnica', 2228, 'Herzegovina, BiH'),
(1093, 'Mount Kosciuszko', 2228, 'Snowy Mountains, New South Wales, Australia – Highest on mainland'),
(1094, 'Camoghe', 2228, 'Ticino, Switzerland'),
(1095, 'Mount Chiginagak', 2221, 'Alaska, USA'),
(1096, 'Slavyanka', 2212, 'Pirin Mountain, Bulgaria'),
(1097, 'Mount Townsend', 2209, 'Snowy Mountains, New South Wales, Australia – Second-highest on mainland'),
(1098, 'Black Elk Peak', 2207, 'South Dakota, USA – Highest in state'),
(1099, 'Golden Hinde', 2198, '#1 on Vancouver Island, British Columbia, Canada'),
(1100, 'Mount Twynam', 2196, 'Snowy Mountains, New South Wales, Australia – Third-highest on mainland'),
(1101, 'Elkhorn Mountain', 2195, 'Vancouver Island, British Columbia, Canada'),
(1102, 'Mount Baldy', 2192, 'Alberta, Canada'),
(1103, 'Golyam Perelik', 2191, 'Rhodope Mountain, Bulgaria'),
(1104, 'Shiprock', 2188, 'New Mexico, USA'),
(1105, 'Mount Tahan', 2187, 'Tahan Range, Pahang, Malaysia – Highest in Peninsular Malaysia'),
(1106, 'Mount Korbu', 2183, 'Titiwangsa Mountains, Perak, Malaysia'),
(1107, 'Mount Yong Belar', 2180, 'Perak, Malaysia'),
(1108, 'Doi Chiang Dao', 2175, 'Thailand'),
(1109, 'Galunggung', 2168, 'Java'),
(1110, 'Levski Peak', 2166, 'Balkan Mountain, Bulgaria'),
(1111, 'Mount Hua', 2155, 'Shaanxi, China'),
(1112, 'Carruthers Peak', 2145, 'Snowy Mountains, New South Wales, Australia'),
(1113, 'Crna Glava', 2139, 'Bjelasica, Crna Gora'),
(1114, 'Mount Colonel Foster', 2135, 'Vancouver Island, British Columbia, Canada'),
(1115, 'Roche à Perdrix', 2135, 'Fiddle Range, Canadian Rockies, Canada'),
(1116, 'Kodaikanal', 2133, 'Tamil Nadu, India'),
(1117, 'Pilatus', 2132, 'Switzerland'),
(1118, 'Strmenica', 2122, 'Bjelasica, Crna Gora'),
(1119, 'Phu Soi Dao', 2120, 'Thailand/Laos'),
(1120, 'Eagle Peak', 2119, 'Alaska, USA'),
(1121, 'Zekova Glava', 2117, 'Bjelasica, Crna Gora'),
(1122, 'Öræfajökull', 2110, 'Iceland'),
(1123, 'Mount Benum', 2107, 'Malaysia'),
(1124, 'Mogotón', 2107, 'Nicaragua – Highest in Nicaragua'),
(1125, 'Kebnekaise', 2106, 'Sweden'),
(1126, 'Rambler Peak', 2092, 'Vancouver Island, British Columbia, Canada'),
(1127, 'Mount McBride', 2083, 'Vancouver Island, British Columbia, Canada'),
(1128, 'Pico do Selado', 2082, 'Monte Verde, Minas Gerais, Brazil'),
(1129, 'Phou Khe', 2079, 'Thailand/Laos'),
(1130, 'Schneeberg', 2076, 'Northern Limestone Alps, Austria'),
(1131, 'Mount Tate', 2068, 'Snowy Mountains, New South Wales, Australia'),
(1132, 'Bjelašnica', 2067, 'Sarajevo Canton, Bosnia and Herzegovina'),
(1133, 'Kings Peak', 2065, 'Vancouver Island, British Columbia, Canada'),
(1134, 'Hoverla', 2061, 'Ukraine – Highest'),
(1135, 'Mount Katmai', 2047, 'Alaska, USA'),
(1136, 'Mount Dimlang', 2042, 'Adamawa, Nigeria'),
(1137, 'Mount Celeste', 2041, 'Vancouver Island, British Columbia, Canada'),
(1138, 'Mount Mitchell', 2037, 'Yancey County, North Carolina, USA - the highest peak of the Appalachian Mountains and the highest peak in mainland eastern North America'),
(1139, 'Namunukula', 2035, 'Sri Lanka'),
(1140, 'Mount Batu Brinchang', 2032, 'Cameron Highlands, Pahang/Perak, Malaysia'),
(1141, 'Doi Mae Tho', 2031, 'Thailand'),
(1142, 'Clingmans Dome', 2025, 'Great Smoky Mountains, Tennessee, USA'),
(1143, 'Mount Heng (Shanxi)', 2017, 'Shanxi, China'),
(1144, 'Kopaonik', 2017, 'Pančić\'s Peak, Serbia'),
(1145, 'Kom', 2016, 'Balkan Mountain, Bulgaria'),
(1146, 'Polar Bear Peak', 2016, 'Chugach Mountains, Alaska, USA'),
(1147, 'Mount Asgard', 2015, 'Baffin Mountains, Nunavut, Canada'),
(1148, 'Mount Le Conte', 2010, 'Great Smoky Mountains, Tennessee, USA'),
(1149, 'Serra da Estrela', 1993, 'Portugal'),
(1150, 'Mount Bogong', 1986, 'Australia'),
(1151, 'Mount Ishizuchi', 1982, 'Japan'),
(1152, 'Doi Phu Kha', 1980, 'Thailand'),
(1153, 'Topo de Coroa', 1979, 'Cape Verde'),
(1154, 'Mount Tongariro', 1978, 'New Zealand'),
(1155, 'Iceberg Peak', 1977, 'Canada'),
(1156, 'Pico Turquino', 1975, 'Cuba'),
(1157, 'El Piveto Mountain', 1969, 'Canada'),
(1158, 'Qiajivik Mountain', 1963, 'Canada'),
(1159, 'Monte Tamaro', 1962, 'Switzerland'),
(1160, 'Farcau Peak', 1956, 'Romania'),
(1161, 'Ciucas Peak', 1954, 'Romania'),
(1162, 'Chionistra', 1952, 'Cyprus'),
(1163, 'Hallasan', 1950, 'South Korea'),
(1164, 'Jabal Bil Ays', 1934, 'Oman'),
(1165, 'Mullayanagiri', 1930, 'India'),
(1166, 'Mount Kirigamine', 1925, 'Japan'),
(1167, 'Mount Washington', 1917, 'USA '),
(1168, 'Mount Jiri', 1915, 'South Korea'),
(1169, 'Troglav', 1913, 'Bosnia and Herzegovina'),
(1170, 'Mont Ventoux', 1909, 'France'),
(1171, 'Ocolasu Mare', 1907, 'Romania'),
(1172, 'Mount Toaca', 1900, 'Romania'),
(1173, 'Vesper Peak', 1896, 'USA'),
(1174, 'Baba Budangiri', 1895, 'India'),
(1175, 'Narodnaya', 1895, 'Russia'),
(1176, 'Kudremukh', 1894, ' India'),
(1177, 'Orjen', 1894, 'Bosnia and Herzegovina'),
(1178, 'Mount George V', 1883, 'Canada'),
(1179, 'Rugged Mountain', 1875, 'Canada'),
(1180, 'Agastya Mala', 1868, 'India'),
(1181, 'Trident Volcano', 1864, 'USA'),
(1182, 'Mount Martin', 1863, 'USA'),
(1183, 'Knuckles', 1862, 'Sri Lanka'),
(1184, 'Pico Ruivo', 1861, 'Portugal'),
(1185, 'Budacu', 1859, 'Romania'),
(1186, 'Giumalau', 1856, 'Romania'),
(1187, 'Pico das Torres', 1853, 'Portugal'),
(1188, 'Mont Ross', 1850, 'Kerguelen Islands'),
(1189, 'Cucurbata Mare', 1849, 'Romania'),
(1190, 'Crown Mountain', 1846, 'Canada'),
(1191, 'Tibles', 1839, 'Romania'),
(1192, 'Loser', 1838, 'Austria'),
(1193, 'Vladeasa', 1836, 'Romania'),
(1194, 'Sinjal', 1831, 'Croatia'),
(1195, 'Cerro La Campana', 1828, 'Chile'),
(1196, 'Muntele Mare', 1826, 'Romania'),
(1197, 'Cerro de la Silla', 1820, 'Mexico'),
(1198, 'Pico do Arieiro', 1818, 'Portugal'),
(1199, 'Biligiriranga Hills', 1800, 'India'),
(1200, 'Rigi', 1797, 'Swiss Alps'),
(1201, 'Hasmasu Mare', 1792, 'Romania'),
(1202, 'Pietrosu Peak', 1791, 'Romania'),
(1203, 'Goru', 1784, 'Romania'),
(1204, 'Velliangiri Mountains', 1778, 'India'),
(1205, 'Lacaut', 1777, 'Romania'),
(1206, 'Saca Peak', 1776, 'Romania'),
(1207, 'Penteleu', 1772, 'Romania'),
(1208, 'Mount Veve', 1768, 'Solomon Islands'),
(1209, 'Mount Adams', 1766, 'USA'),
(1210, 'Sveti Jure (Saint George)', 1762, 'Croatia'),
(1211, 'Vaganski vrh', 1757, 'Croatia'),
(1212, 'Mount Api', 1750, 'Malaysia'),
(1213, 'Lovaen', 1749, 'Montenegro'),
(1214, 'Tadiandamol', 1748, 'India'),
(1215, 'Mount Rogers', 1746, 'USA'),
(1216, 'Doi Phi Pan Nam', 1745, 'Thailand'),
(1217, 'Mount Wilson', 1742, 'USA'),
(1218, 'Mount Jefferson', 1741, 'USA'),
(1219, 'Daisen', 1729, 'Japan'),
(1220, 'The Horn (Mount Buffalo)', 1723, 'Australia'),
(1221, 'Mount Batur', 1717, 'Indonesia'),
(1222, 'Kumara Parvata', 1712, 'India'),
(1223, 'Pushpagiri', 1712, 'India'),
(1224, 'Mount Lowe', 1707, 'USA'),
(1225, 'Boulder Peak', 1707, 'USA'),
(1226, 'Doi Luang', 1694, 'Thailand'),
(1227, 'Mitre Peak', 1692, 'New Zealand'),
(1228, 'Arma Konda', 1680, 'India'),
(1229, 'Deomali', 1672, 'India'),
(1230, 'Mount Caubvik', 1652, 'Canada'),
(1231, 'Rarau', 1650, 'Romania'),
(1232, 'Kalsubai', 1646, 'India'),
(1233, 'Peak 5390', 1643, 'USA'),
(1234, 'Yamantau', 1640, 'Russia'),
(1235, 'Mount Monroe', 1637, 'USA'),
(1236, 'Mount Madison', 1636, 'USA'),
(1237, 'Mount Marcy', 1629, 'USA'),
(1238, 'Trebević', 1627, 'Bosnia and Herzegovina'),
(1239, 'Mount Bartle Frere', 1622, 'Australia'),
(1240, 'Velky Rozsutec', 1610, 'Slovakia'),
(1241, 'Brahmagiri', 1608, 'India'),
(1242, 'Mount Katahdin', 1606, 'USA'),
(1243, 'Sněžka', 1602, 'Czech Republic'),
(1244, 'Sirumalai', 1600, 'India'),
(1245, 'Mount Lafayette', 1600, 'USA'),
(1246, 'Mount Washington (British Columbia)', 1590, 'Canada'),
(1247, 'Mount Benarat', 1585, 'Malaysia'),
(1248, 'Wai\'ale\'ale', 1569, 'USA'),
(1249, 'Salher', 1567, 'India'),
(1250, 'Cirque Mountain', 1567, 'Canada'),
(1251, 'Mount Lincoln', 1551, 'USA'),
(1252, 'Superstition Mountain', 1542, 'USA'),
(1253, 'Mount Tai', 1532, 'China'),
(1254, 'Jabel Yibir', 1527, 'United Arab Emirates'),
(1255, 'Madikeri', 1525, 'India'),
(1256, 'Mount Popa', 1518, 'Myanmar'),
(1257, 'Askja', 1516, 'Iceland'),
(1258, 'Monte Boglia', 1516, 'Switzerland'),
(1259, 'Kamakau', 1512, 'USA'),
(1260, 'Song Shan', 1512, 'China'),
(1261, 'Javaleon', 1494, 'Spain'),
(1262, 'Mount Nuang', 1491, 'Malaysia'),
(1263, 'Hekla', 1491, 'Iceland'),
(1264, 'Mount Pinatubo', 1486, 'Philippines'),
(1265, 'Spruce Knob', 1482, 'USA'),
(1266, 'Mount Olympus', 1471, ' Australia'),
(1267, 'Agriolefkes', 1471, 'Greece'),
(1268, 'Mount Seymour', 1455, 'Canada'),
(1269, 'Himavad Gopalaswamy Betta', 1450, ' India'),
(1270, 'Snæfellsjökull', 1446, 'Iceland'),
(1271, 'Gutai Peak', 1443, 'Romania'),
(1272, 'Mount Kalourat', 1435, 'Solomon Islands'),
(1273, 'Cypress Mountain', 1432, 'Canada'),
(1274, 'Taramati', 1431, 'India'),
(1275, 'Harishchandragad', 1427, 'India'),
(1276, 'Raireshwar', 1398, 'India'),
(1277, 'Parasnath', 1366, 'India'),
(1278, 'Dhupgarh', 1350, 'India'),
(1279, 'Ben Nevis', 1345, 'United Kingdom'),
(1280, 'Kodachadri', 1343, 'India'),
(1281, 'Mount Jiuhua', 1342, 'China'),
(1282, 'Mount Aniakchak', 1341, 'USA'),
(1283, 'Cerro de Punta', 1338, 'Puerto Rico'),
(1284, 'Mount Bassie', 1311, 'USA'),
(1285, 'Ben Macdhui', 1309, 'Scotland'),
(1286, 'Mount Kanaga', 1307, 'USA'),
(1287, 'Sinhagad', 1303, 'India'),
(1288, 'Mount Heng (Hunan)', 1300, 'China'),
(1289, 'Rajabasa', 1281, 'Indonesia'),
(1290, 'Mount Vesuvius', 1281, 'Italy'),
(1291, 'Mount Ophir', 1276, 'Malaysia'),
(1292, 'Bailadila', 1276, 'India'),
(1293, 'Mount Wellington', 1271, 'Tasmania'),
(1294, 'Mount Si', 1270, 'USA'),
(1295, 'Mount Qingcheng', 1260, 'China'),
(1296, 'Detunata', 1258, 'Romania'),
(1297, 'Mount Donna Buang', 1250, 'Australia'),
(1298, 'Camel\'s Hump', 1244, 'USA'),
(1299, 'Cannon Mountain', 1240, 'USA'),
(1300, 'The Priest', 1238, 'USA'),
(1301, 'Grouse Mountain', 1231, 'Canada'),
(1302, 'Kabala', 1220, 'USA'),
(1303, 'Mount Jerai', 1217, 'Malaysia'),
(1304, 'Mount Meron', 1208, 'Israel'),
(1305, 'Doi Ian', 1174, 'Thailand'),
(1306, 'Mount Diablo', 1173, 'USA'),
(1307, 'Bidean nam Bian', 1150, 'Scotland'),
(1308, 'Monte Musini', 1150, 'Italy'),
(1309, 'Brocken', 1141, 'Germany'),
(1310, 'Mount Aix', 1128, 'USA'),
(1311, 'Victoria Peak', 1120, 'Belize'),
(1312, 'Snowdon', 1085, 'Wales'),
(1313, 'Tafelberg', 1085, 'South Africa'),
(1314, 'Flattop Mountain', 1070, 'USA'),
(1315, 'Uummannaq', 1070, 'Greenland'),
(1316, 'White Butte', 1069, 'USA'),
(1317, 'Liathach', 1055, ' Scotland'),
(1318, 'Saka Haphong', 1052, 'Bangladesh'),
(1319, 'Cambirela', 1043, 'Brazil'),
(1320, 'Corrann Tuathail', 1038, 'Ireland'),
(1321, 'Mount Ramon', 1037, 'Israel'),
(1322, 'Girnar', 1031, 'India'),
(1323, 'Buachaille Etive Mor', 1022, 'Scotland'),
(1324, 'Munboksan', 1015, 'South Korea'),
(1325, 'Kakes', 1014, 'Hungary'),
(1326, 'Mount Belumut', 1010, 'Malaysia'),
(1327, 'Magura Priei', 996, 'Romania'),
(1328, 'Sgurr Dearg', 986, 'Scotland'),
(1329, 'Mount Sizer', 980, 'USA'),
(1330, 'Mount Valin', 980, 'Canada'),
(1331, 'Hyangnosan', 979, 'South Korea'),
(1332, 'Scafell Pike', 978, 'United Kingdom'),
(1333, 'Mount Edgecumbe', 976, 'USA'),
(1334, 'North Mountain (Catskills)', 969, 'USA'),
(1335, 'Doli Gutta', 965, 'India '),
(1336, 'Mount Monadnock', 965, 'USA'),
(1337, 'Tai Mo Shan', 957, 'Hong Kong '),
(1338, 'Helvellyn', 950, 'United Kingdom'),
(1339, 'Mount Gimie', 950, 'Saint Lucia '),
(1340, 'El Cerro del Aripo', 940, 'Trinidad and Tobago '),
(1341, 'El Tucuche', 936, 'Trinidad and Tobago'),
(1342, 'Lantau Peak', 934, 'Hong Kong'),
(1343, 'Betlingchhip', 930, 'India '),
(1344, 'Kaimondake volcano', 924, 'Japan'),
(1345, 'San Salvatore', 912, 'Switzerland'),
(1346, 'Pantokrator', 906, 'Greece'),
(1347, 'Cadair Idris', 893, 'Wales'),
(1348, 'Pen y Fan', 886, 'Wales'),
(1349, 'Baekunsan', 885, 'South Korea'),
(1350, 'Mount Gerizim', 881, 'West Bank'),
(1351, 'Sunset Peak', 869, 'Hong Kong'),
(1352, 'Mount Taylor', 856, 'Australia'),
(1353, 'Slaah Domhnaart', 856, 'Northern Ireland'),
(1354, 'Tinakula', 851, 'Solomon Islands'),
(1355, 'Muntele Cetatuia', 850, 'Romania'),
(1356, 'Mount Magazine', 839, 'USA'),
(1357, 'Hoemunsan', 837, 'South Korea'),
(1358, 'Bukhansan (Baegundae Peak)', 837, 'South Korea'),
(1359, 'Drocea', 836, 'Romania'),
(1360, 'Piton de la Petite Riviere Noire', 828, 'Mauritius'),
(1361, 'Pieter Both', 820, 'Mauritius'),
(1362, 'Mount Carleton', 817, 'Canada'),
(1363, 'Le Pouce', 811, 'Mauritius'),
(1364, 'Mount Santubong', 810, 'Malaysia'),
(1365, 'Gros Morne', 807, 'Canada'),
(1366, 'Clisham', 799, 'Scotland'),
(1367, 'Mount Tamalpais', 792, 'USA'),
(1368, 'Gyemyeongsan', 774, 'South Korea'),
(1369, 'Mount Boucherie', 758, 'Canada'),
(1370, 'Daeunsan', 742, 'South Korea'),
(1371, 'Ben Cleuch', 721, 'Scotland'),
(1372, 'Corps de Garde', 720, 'Mauritius'),
(1373, 'Gaseopsan', 710, 'South Korea'),
(1374, 'Piton Savanne', 704, 'Mauritius'),
(1375, 'Pu‘u ‘Ō‘ō', 698, 'USA'),
(1376, 'Signal de Botrange', 694, 'Belgium'),
(1377, 'Ishpatina Ridge', 690, 'Canada'),
(1378, 'Curepipe Point', 686, 'Mauritius'),
(1379, 'Galgisan', 685, 'South Korea'),
(1380, 'Delphi', 681, 'Greece'),
(1381, 'Qalorujoorneq', 676, 'Greenland'),
(1382, 'Les Trois Mamelles', 666, 'Mauritius'),
(1383, 'Maple Mountain', 642, 'Canada'),
(1384, 'Mountain Lagrave (Montage Lagrave)', 638, 'Mauritius'),
(1385, 'Masaya', 635, 'Nicaragua'),
(1386, 'Calebasses Mountain (Montagne Calebasses)', 632, 'Mauritius'),
(1387, 'Moel Eilio', 629, ' Wales'),
(1388, 'High Willhays', 621, 'England'),
(1389, 'Snaefell', 621, 'British Isles'),
(1390, 'Munsusan (Ulsan)', 600, 'South Korea'),
(1391, 'Mount Takao', 599, 'Japan'),
(1392, 'Piton de Fouge', 596, 'Mauritius'),
(1393, 'Sikjangsan', 596, 'South Korea'),
(1394, 'Forbordsfjellet', 590, 'Norway'),
(1395, 'Piton du Millieu', 589, 'Mauritius'),
(1396, 'Gwanggyosan', 582, 'South Korea'),
(1397, 'Mount Pond', 576, 'South Shetland Islands'),
(1398, 'Mount Tabor', 575, 'Israel'),
(1399, 'Monte Conero', 572, 'Italy'),
(1400, 'Gyeryongsan', 566, 'South Korea'),
(1401, 'Le Morne Brabant', 555, 'Mauritius');

-- --------------------------------------------------------

--
-- Table structure for table `users`
--

CREATE TABLE `users` (
  `id` int(11) NOT NULL,
  `username` varchar(15) COLLATE utf8_general_mysql500_ci NOT NULL,
  `pass` varchar(15) COLLATE utf8_general_mysql500_ci NOT NULL,
  `type` varchar(10) COLLATE utf8_general_mysql500_ci NOT NULL
) ENGINE=InnoDB DEFAULT CHARSET=utf8 COLLATE=utf8_general_mysql500_ci;

--
-- Dumping data for table `users`
--

INSERT INTO `users` (`id`, `username`, `pass`, `type`) VALUES
(1, 'vraciu', 'vraciu', 'admin'),
(2, 'user', 'parola', 'user');

--
-- Indexes for dumped tables
--

--
-- Indexes for table `climbers`
--
ALTER TABLE `climbers`
  ADD PRIMARY KEY (`ID`),
  ADD KEY `ID` (`ID`);

--
-- Indexes for table `equippment`
--
ALTER TABLE `equippment`
  ADD PRIMARY KEY (`ID`),
  ADD KEY `ID` (`ID`);

--
-- Indexes for table `expeditions`
--
ALTER TABLE `expeditions`
  ADD PRIMARY KEY (`exp_id`),
  ADD KEY `mountain_id` (`mountain_id`),
  ADD KEY `climber_id` (`climber_id`);

--
-- Indexes for table `mountains`
--
ALTER TABLE `mountains`
  ADD PRIMARY KEY (`ID`),
  ADD KEY `ID` (`ID`);

--
-- Indexes for table `users`
--
ALTER TABLE `users`
  ADD PRIMARY KEY (`id`),
  ADD UNIQUE KEY `username` (`username`),
  ADD KEY `id` (`id`);

--
-- AUTO_INCREMENT for dumped tables
--

--
-- AUTO_INCREMENT for table `climbers`
--
ALTER TABLE `climbers`
  MODIFY `ID` int(2) NOT NULL AUTO_INCREMENT, AUTO_INCREMENT=66;

--
-- AUTO_INCREMENT for table `equippment`
--
ALTER TABLE `equippment`
  MODIFY `ID` int(2) NOT NULL AUTO_INCREMENT, AUTO_INCREMENT=70;

--
-- AUTO_INCREMENT for table `expeditions`
--
ALTER TABLE `expeditions`
  MODIFY `exp_id` int(11) NOT NULL AUTO_INCREMENT, AUTO_INCREMENT=82;

--
-- AUTO_INCREMENT for table `mountains`
--
ALTER TABLE `mountains`
  MODIFY `ID` int(11) NOT NULL AUTO_INCREMENT, AUTO_INCREMENT=1402;

--
-- AUTO_INCREMENT for table `users`
--
ALTER TABLE `users`
  MODIFY `id` int(11) NOT NULL AUTO_INCREMENT, AUTO_INCREMENT=3;

--
-- Constraints for dumped tables
--

--
-- Constraints for table `expeditions`
--
ALTER TABLE `expeditions`
  ADD CONSTRAINT `expeditions_ibfk_1` FOREIGN KEY (`mountain_id`) REFERENCES `mountains` (`ID`),
  ADD CONSTRAINT `expeditions_ibfk_2` FOREIGN KEY (`climber_id`) REFERENCES `climbers` (`ID`);
COMMIT;

/*!40101 SET CHARACTER_SET_CLIENT=@OLD_CHARACTER_SET_CLIENT */;
/*!40101 SET CHARACTER_SET_RESULTS=@OLD_CHARACTER_SET_RESULTS */;
/*!40101 SET COLLATION_CONNECTION=@OLD_COLLATION_CONNECTION */;
